#
# There is insufficient memory for the Java Runtime Environment to continue.
# Native memory allocation (mmap) failed to map 964689920 bytes for G1 virtual space
# Possible reasons:
#   The system is out of physical RAM or swap space
#   The process is running with CompressedOops enabled, and the Java Heap may be blocking the growth of the native heap
# Possible solutions:
#   Reduce memory load on the system
#   Increase physical memory or swap space
#   Check if swap backing store is full
#   Decrease Java heap size (-Xmx/-Xms)
#   Decrease number of Java threads
#   Decrease Java thread stack sizes (-Xss)
#   Set larger code cache with -XX:ReservedCodeCacheSize=
#   JVM is running with Zero Based Compressed Oops mode in which the Java heap is
#     placed in the first 32GB address space. The Java Heap base address is the
#     maximum limit for the native heap growth. Please use -XX:HeapBaseMinAddress
#     to set the Java Heap base and to place the Java Heap above 32GB virtual address.
# This output file may be truncated or incomplete.
#
#  Out of Memory Error (os_windows.cpp:3613), pid=1744, tid=23404
#
# JRE version: OpenJDK Runtime Environment Temurin-17.0.9+9 (17.0.9+9) (build 17.0.9+9)
# Java VM: OpenJDK 64-Bit Server VM Temurin-17.0.9+9 (17.0.9+9, mixed mode, sharing, tiered, compressed oops, compressed class ptrs, g1 gc, windows-amd64)
# No core dump will be written. Minidumps are not enabled by default on client versions of Windows
#

---------------  S U M M A R Y ------------

Command Line: -Xmx4096m -Xmx4096m -DlanguageId_xjal=en010b96v -DbuiltInTileCachePath_xjal=C:\Program Files\AnyLogic 8.9 Personal Learning Edition\plugins\com.anylogic.gis_8.9.9.202606170507\tiles -DflowchartCountersVisible_xjal=true -DflowchartPortStateAnimated_xjal=true -DenableWarnings_xjal=true -DenableObject3DLod_xjal=true -Denable2DVisibilityCheck_xjal=true -DstandaloneBrowserPath_xjal=C:/Program Files/AnyLogic 8.9 Personal Learning Edition/chromium/chromium-win64/chrome.exe -DstandaloneBrowserCommandArguments_xjal=--app=$1 --test-type -DanylogicIncomingPort_xjal=7880 -DbrowserUserDataPath_xjal=--user-data-dir=C:\Users\Lenovo\.AnyLogicPLE\Workspace8.8\chromium\userData -DuseProxy_xjal=false -Dfile.encoding=UTF-8 -XX:+ShowCodeDetailsInExceptionMessages com.anylogic.ms.MS colombodengueabm_v2.ParamVar_Weather 1c5ca8b

Host: AMD Ryzen 7 5700U with Radeon Graphics         , 16 cores, 5G,  Windows 11 , 64 bit Build 26100 (10.0.26100.8328)
Time: Sat Jul 18 18:31:50 2026 Sri Lanka Standard Time elapsed time: 163.942170 seconds (0d 0h 2m 43s)

---------------  T H R E A D  ---------------

Current thread (0x000002a77ebc7590):  VMThread "VM Thread" [stack: 0x000000d3dd200000,0x000000d3dd300000] [id=23404]

Stack: [0x000000d3dd200000,0x000000d3dd300000]
Native frames: (J=compiled Java code, j=interpreted, Vv=VM code, C=native code)
V  [jvm.dll+0x67cf49]
V  [jvm.dll+0x83478a]
V  [jvm.dll+0x83624e]
V  [jvm.dll+0x8368b3]
V  [jvm.dll+0x247f1f]
V  [jvm.dll+0x679d69]
V  [jvm.dll+0x66e6ba]
V  [jvm.dll+0x307e5b]
V  [jvm.dll+0x30f306]
V  [jvm.dll+0x35f0ce]
V  [jvm.dll+0x35f2ff]
V  [jvm.dll+0x2dea58]
V  [jvm.dll+0x2dcc34]
V  [jvm.dll+0x2dc23c]
V  [jvm.dll+0x3202bb]
V  [jvm.dll+0x83adab]
V  [jvm.dll+0x83baf1]
V  [jvm.dll+0x83c00d]
V  [jvm.dll+0x83c3e4]
V  [jvm.dll+0x83c4b0]
V  [jvm.dll+0x7e3c3a]
V  [jvm.dll+0x67be35]
C  [ucrtbase.dll+0x37b0]
C  [KERNEL32.DLL+0x2e957]
C  [ntdll.dll+0x427c]

VM_Operation (0x000000d3de1fefc0): G1CollectForAllocation, mode: safepoint, requested by thread 0x000002a748280680


---------------  P R O C E S S  ---------------

Threads class SMR info:
_java_thread_list=0x000002a747685430, length=51, elements={
0x000002a77ebcbbf0, 0x000002a77ebce6e0, 0x000002a77ebe34e0, 0x000002a77ebe39c0,
0x000002a77ebe7ef0, 0x000002a77ebe3ea0, 0x000002a77f7a9b10, 0x000002a77f7ab040,
0x000002a77f7ab560, 0x000002a77fa2baf0, 0x000002a77fa3c0a0, 0x000002a747b36020,
0x000002a747d54950, 0x000002a747cdec50, 0x000002a747cdf130, 0x000002a747cdf610,
0x000002a747cdfaf0, 0x000002a747d49850, 0x000002a747b13390, 0x000002a747b11f50,
0x000002a747b12460, 0x000002a747b11530, 0x000002a747b12970, 0x000002a747b11a40,
0x000002a747b13db0, 0x000002a747b12e80, 0x000002a747b138a0, 0x000002a747b142c0,
0x000002a747b147d0, 0x000002a747b11020, 0x000002a74827de00, 0x000002a74827b580,
0x000002a74827e820, 0x000002a74827ba90, 0x000002a74827b070, 0x000002a74827f240,
0x000002a74827e310, 0x000002a74827ed30, 0x000002a74827ced0, 0x000002a74827fc60,
0x000002a74827c4b0, 0x000002a748280170, 0x000002a74827c9c0, 0x000002a748280b90,
0x000002a748280680, 0x000002a7477bf0d0, 0x000002a7477bcd60, 0x000002a7477c0a20,
0x000002a7477c1950, 0x000002a7477bf5e0, 0x000002a7477bd780
}

Java Threads: ( => current thread )
  0x000002a77ebcbbf0 JavaThread "Reference Handler" daemon [_thread_blocked, id=21400, stack(0x000000d3dd300000,0x000000d3dd400000)]
  0x000002a77ebce6e0 JavaThread "Finalizer" daemon [_thread_blocked, id=37232, stack(0x000000d3dd400000,0x000000d3dd500000)]
  0x000002a77ebe34e0 JavaThread "Signal Dispatcher" daemon [_thread_blocked, id=6472, stack(0x000000d3dd500000,0x000000d3dd600000)]
  0x000002a77ebe39c0 JavaThread "Attach Listener" daemon [_thread_blocked, id=32256, stack(0x000000d3dd600000,0x000000d3dd700000)]
  0x000002a77ebe7ef0 JavaThread "Service Thread" daemon [_thread_blocked, id=5852, stack(0x000000d3dd700000,0x000000d3dd800000)]
  0x000002a77ebe3ea0 JavaThread "Monitor Deflation Thread" daemon [_thread_blocked, id=10016, stack(0x000000d3dd800000,0x000000d3dd900000)]
  0x000002a77f7a9b10 JavaThread "C2 CompilerThread0" daemon [_thread_blocked, id=19736, stack(0x000000d3dd900000,0x000000d3dda00000)]
  0x000002a77f7ab040 JavaThread "C1 CompilerThread0" daemon [_thread_blocked, id=7788, stack(0x000000d3dda00000,0x000000d3ddb00000)]
  0x000002a77f7ab560 JavaThread "Sweeper thread" daemon [_thread_blocked, id=28448, stack(0x000000d3ddb00000,0x000000d3ddc00000)]
  0x000002a77fa2baf0 JavaThread "Notification Thread" daemon [_thread_blocked, id=34352, stack(0x000000d3ddd00000,0x000000d3dde00000)]
  0x000002a77fa3c0a0 JavaThread "Common-Cleaner" daemon [_thread_blocked, id=7620, stack(0x000000d3ddf00000,0x000000d3de000000)]
  0x000002a747b36020 JavaThread "Thread-16" daemon [_thread_blocked, id=32752, stack(0x000000d3de900000,0x000000d3dea00000)]
  0x000002a747d54950 JavaThread "Thread-23" daemon [_thread_blocked, id=7088, stack(0x000000d3dea00000,0x000000d3deb00000)]
  0x000002a747cdec50 JavaThread "Thread-26" daemon [_thread_blocked, id=26392, stack(0x000000d3deb00000,0x000000d3dec00000)]
  0x000002a747cdf130 JavaThread "Thread-22" daemon [_thread_blocked, id=36904, stack(0x000000d3dec00000,0x000000d3ded00000)]
  0x000002a747cdf610 JavaThread "Thread-17" daemon [_thread_blocked, id=12912, stack(0x000000d3ded00000,0x000000d3dee00000)]
  0x000002a747cdfaf0 JavaThread "Thread-24" daemon [_thread_blocked, id=32764, stack(0x000000d3dee00000,0x000000d3def00000)]
  0x000002a747d49850 JavaThread "Thread-18" daemon [_thread_blocked, id=18628, stack(0x000000d3def00000,0x000000d3df000000)]
  0x000002a747b13390 JavaThread "Thread-19" daemon [_thread_blocked, id=31624, stack(0x000000d3df000000,0x000000d3df100000)]
  0x000002a747b11f50 JavaThread "Thread-27" daemon [_thread_blocked, id=36400, stack(0x000000d3df100000,0x000000d3df200000)]
  0x000002a747b12460 JavaThread "Thread-28" daemon [_thread_blocked, id=21464, stack(0x000000d3df200000,0x000000d3df300000)]
  0x000002a747b11530 JavaThread "Thread-25" daemon [_thread_blocked, id=21152, stack(0x000000d3df300000,0x000000d3df400000)]
  0x000002a747b12970 JavaThread "Thread-30" daemon [_thread_blocked, id=14660, stack(0x000000d3df400000,0x000000d3df500000)]
  0x000002a747b11a40 JavaThread "Thread-20" daemon [_thread_blocked, id=21456, stack(0x000000d3df500000,0x000000d3df600000)]
  0x000002a747b13db0 JavaThread "Thread-29" daemon [_thread_blocked, id=14484, stack(0x000000d3df600000,0x000000d3df700000)]
  0x000002a747b12e80 JavaThread "Thread-21" daemon [_thread_blocked, id=32684, stack(0x000000d3df700000,0x000000d3df800000)]
  0x000002a747b138a0 JavaThread "Thread-31" [_thread_blocked, id=31736, stack(0x000000d3dfb00000,0x000000d3dfc00000)]
  0x000002a747b142c0 JavaThread "qtp1421337608-55" [_thread_in_native, id=34140, stack(0x000000d3dfc00000,0x000000d3dfd00000)]
  0x000002a747b147d0 JavaThread "qtp1421337608-56" [_thread_in_native, id=30232, stack(0x000000d3dfd00000,0x000000d3dfe00000)]
  0x000002a747b11020 JavaThread "qtp1421337608-57" [_thread_in_native, id=9584, stack(0x000000d3dfe00000,0x000000d3dff00000)]
  0x000002a74827de00 JavaThread "qtp1421337608-58" [_thread_blocked, id=28544, stack(0x000000d3dff00000,0x000000d3e0000000)]
  0x000002a74827b580 JavaThread "qtp1421337608-59" [_thread_blocked, id=22764, stack(0x000000d3e0000000,0x000000d3e0100000)]
  0x000002a74827e820 JavaThread "qtp1421337608-60" [_thread_in_native, id=31060, stack(0x000000d3e0100000,0x000000d3e0200000)]
  0x000002a74827ba90 JavaThread "qtp1421337608-62" [_thread_in_native, id=26576, stack(0x000000d3e0300000,0x000000d3e0400000)]
  0x000002a74827b070 JavaThread "Session-HouseKeeper-59ebd3c-1" [_thread_blocked, id=22028, stack(0x000000d3e0400000,0x000000d3e0500000)]
  0x000002a74827f240 JavaThread "qtp1421337608-64-acceptor-0@17118bf-ServerConnector@63b3f929{HTTP/1.1, (http/1.1)}{0.0.0.0:26966}" [_thread_in_native, id=38128, stack(0x000000d3e0500000,0x000000d3e0600000)]
  0x000002a74827e310 JavaThread "qtp1421337608-65-acceptor-1@13ddb831-ServerConnector@63b3f929{HTTP/1.1, (http/1.1)}{0.0.0.0:26966}" [_thread_blocked, id=3568, stack(0x000000d3e0600000,0x000000d3e0700000)]
  0x000002a74827ed30 JavaThread "DestroyJavaVM" [_thread_blocked, id=37600, stack(0x000000d3dcc00000,0x000000d3dcd00000)]
  0x000002a74827ced0 JavaThread "Connector-Scheduler-63b3f929-1" [_thread_blocked, id=15332, stack(0x000000d3de200000,0x000000d3de300000)]
  0x000002a74827fc60 JavaThread "qtp1421337608-70" [_thread_blocked, id=37828, stack(0x000000d3de300000,0x000000d3de400000)]
  0x000002a74827c4b0 JavaThread "qtp1421337608-71" [_thread_blocked, id=34896, stack(0x000000d3e0700000,0x000000d3e0800000)]
  0x000002a748280170 JavaThread "qtp1421337608-72" [_thread_in_native, id=24440, stack(0x000000d3e0800000,0x000000d3e0900000)]
  0x000002a74827c9c0 JavaThread "qtp1421337608-73" [_thread_in_native, id=38276, stack(0x000000d3e0900000,0x000000d3e0a00000)]
  0x000002a748280b90 JavaThread "Frame Collector" [_thread_blocked, id=28780, stack(0x000000d3e0a00000,0x000000d3e0b00000)]
  0x000002a748280680 JavaThread "AnyLogic model execution thread 0" daemon [_thread_blocked, id=36824, stack(0x000000d3de100000,0x000000d3de200000)]
  0x000002a7477bf0d0 JavaThread "AnyLogic model execution thread 15" daemon [_thread_blocked, id=7888, stack(0x000000d3e1900000,0x000000d3e1a00000)]
  0x000002a7477bcd60 JavaThread "AnyLogic parameter variation experiment" daemon [_thread_blocked, id=23964, stack(0x000000d3e1a00000,0x000000d3e1b00000)]
  0x000002a7477c0a20 JavaThread "Java2D Disposer" daemon [_thread_blocked, id=31684, stack(0x000000d3e2100000,0x000000d3e2200000)]
  0x000002a7477c1950 JavaThread "AWT-Windows" daemon [_thread_in_native, id=9792, stack(0x000000d3e2d00000,0x000000d3e2e00000)]
  0x000002a7477bf5e0 JavaThread "AWT-Shutdown" [_thread_blocked, id=8676, stack(0x000000d3dc900000,0x000000d3dca00000)]
  0x000002a7477bd780 JavaThread "AWT-EventQueue-0" [_thread_blocked, id=15404, stack(0x000000d3dca00000,0x000000d3dcb00000)]

Other Threads:
=>0x000002a77ebc7590 VMThread "VM Thread" [stack: 0x000000d3dd200000,0x000000d3dd300000] [id=23404]
  0x000002a77fa32400 WatcherThread [stack: 0x000000d3dde00000,0x000000d3ddf00000] [id=29768]
  0x000002a75dbbdc10 GCTaskThread "GC Thread#0" [stack: 0x000000d3dcd00000,0x000000d3dce00000] [id=36056]
  0x000002a747058de0 GCTaskThread "GC Thread#1" [stack: 0x000000d3de400000,0x000000d3de500000] [id=38300]
  0x000002a747af4c10 GCTaskThread "GC Thread#2" [stack: 0x000000d3de500000,0x000000d3de600000] [id=33868]
  0x000002a747ad7410 GCTaskThread "GC Thread#3" [stack: 0x000000d3de600000,0x000000d3de700000] [id=32796]
  0x000002a747ad76d0 GCTaskThread "GC Thread#4" [stack: 0x000000d3de700000,0x000000d3de800000] [id=11560]
  0x000002a747b6ba20 GCTaskThread "GC Thread#5" [stack: 0x000000d3de800000,0x000000d3de900000] [id=452]
  0x000002a747e9e8d0 GCTaskThread "GC Thread#6" [stack: 0x000000d3df800000,0x000000d3df900000] [id=18976]
  0x000002a747e9eb90 GCTaskThread "GC Thread#7" [stack: 0x000000d3df900000,0x000000d3dfa00000] [id=36700]
  0x000002a747e9ee50 GCTaskThread "GC Thread#8" [stack: 0x000000d3dfa00000,0x000000d3dfb00000] [id=14912]
  0x000002a7485d5ce0 GCTaskThread "GC Thread#9" [stack: 0x000000d3e1c00000,0x000000d3e1d00000] [id=32736]
  0x000002a7476ce660 GCTaskThread "GC Thread#10" [stack: 0x000000d3e1d00000,0x000000d3e1e00000] [id=17612]
  0x000002a747794600 GCTaskThread "GC Thread#11" [stack: 0x000000d3e1e00000,0x000000d3e1f00000] [id=31640]
  0x000002a7477d2910 GCTaskThread "GC Thread#12" [stack: 0x000000d3e1f00000,0x000000d3e2000000] [id=35736]
  0x000002a75dbcebd0 ConcurrentGCThread "G1 Main Marker" [stack: 0x000000d3dce00000,0x000000d3dcf00000] [id=34416]
  0x000002a75dbd16c0 ConcurrentGCThread "G1 Conc#0" [stack: 0x000000d3dcf00000,0x000000d3dd000000] [id=9252]
  0x000002a7477d0d90 ConcurrentGCThread "G1 Conc#1" [stack: 0x000000d3ddc00000,0x000000d3ddd00000] [id=18836]
  0x000002a7477d15d0 ConcurrentGCThread "G1 Conc#2" [stack: 0x000000d3e1b00000,0x000000d3e1c00000] [id=33044]
  0x000002a77ea7d5c0 ConcurrentGCThread "G1 Refine#0" [stack: 0x000000d3dd000000,0x000000d3dd100000] [id=24128]
  0x000002a749cfbcb0 ConcurrentGCThread "G1 Refine#1" [stack: 0x000000d3e2300000,0x000000d3e2400000] [id=1856]
  0x000002a749b5a5b0 ConcurrentGCThread "G1 Refine#2" [stack: 0x000000d3e2400000,0x000000d3e2500000] [id=36844]
  0x000002a749b5a8a0 ConcurrentGCThread "G1 Refine#3" [stack: 0x000000d3e2500000,0x000000d3e2600000] [id=36084]
  0x000002a749327040 ConcurrentGCThread "G1 Refine#4" [stack: 0x000000d3e2600000,0x000000d3e2700000] [id=38196]
  0x000002a7491dd420 ConcurrentGCThread "G1 Refine#5" [stack: 0x000000d3e2700000,0x000000d3e2800000] [id=3656]
  0x000002a749ac8b20 ConcurrentGCThread "G1 Refine#6" [stack: 0x000000d3e2800000,0x000000d3e2900000] [id=10856]
  0x000002a749215000 ConcurrentGCThread "G1 Refine#7" [stack: 0x000000d3e2900000,0x000000d3e2a00000] [id=37324]
  0x000002a7492152f0 ConcurrentGCThread "G1 Refine#8" [stack: 0x000000d3e2a00000,0x000000d3e2b00000] [id=33768]
  0x000002a748e8ef20 ConcurrentGCThread "G1 Refine#9" [stack: 0x000000d3e2b00000,0x000000d3e2c00000] [id=27120]
  0x000002a7475906a0 ConcurrentGCThread "G1 Refine#10" [stack: 0x000000d3e2c00000,0x000000d3e2d00000] [id=37428]
  0x000002a749dae510 ConcurrentGCThread "G1 Refine#11" [stack: 0x000000d3e2e00000,0x000000d3e2f00000] [id=34672]
  0x000002a751969d20 ConcurrentGCThread "G1 Refine#12" [stack: 0x000000d3e4100000,0x000000d3e4200000] [id=35880]
  0x000002a77ea7d9b0 ConcurrentGCThread "G1 Service" [stack: 0x000000d3dd100000,0x000000d3dd200000] [id=17252]

Threads with active compile tasks:

VM state: at safepoint (normal execution)

VM Mutex/Monitor currently owned by a thread:  ([mutex/lock_event])
[0x000002a75db47170] Threads_lock - owner thread: 0x000002a77ebc7590
[0x000002a75db467e0] Heap_lock - owner thread: 0x000002a748280680

Heap address: 0x0000000700000000, size: 4096 MB, Compressed Oops mode: Zero based, Oop shift amount: 3

CDS archive(s) mapped at: [0x000002a702000000-0x000002a702ba0000-0x000002a702ba0000), size 12189696, SharedBaseAddress: 0x000002a702000000, ArchiveRelocationMode: 1.
Compressed class space mapped at: 0x000002a703000000-0x000002a743000000, reserved size: 1073741824
Narrow klass base: 0x000002a702000000, Narrow klass shift: 0, Narrow klass range: 0x100000000

GC Precious Log:
 CPUs: 16 total, 16 available
 Memory: 5989M
 Large Page Support: Disabled
 NUMA Support: Disabled
 Compressed Oops: Enabled (Zero based)
 Heap Region Size: 2M
 Heap Min Capacity: 8M
 Heap Initial Capacity: 94M
 Heap Max Capacity: 4G
 Pre-touch: Disabled
 Parallel Workers: 13
 Concurrent Workers: 3
 Concurrent Refinement Workers: 13
 Periodic GC: Disabled

Heap:
 garbage-first heap   total 698368K, used 450592K [0x0000000700000000, 0x0000000800000000)
  region size 2048K, 2 young (4096K), 2 survivors (4096K)
 Metaspace       used 43705K, committed 44032K, reserved 1114112K
  class space    used 4784K, committed 4928K, reserved 1048576K

Heap Regions: E=young(eden), S=young(survivor), O=old, HS=humongous(starts), HC=humongous(continues), CS=collection set, F=free, OA=open archive, CA=closed archive, TAMS=top-at-mark-start (previous, next)
|   0|0x0000000700000000, 0x0000000700200000, 0x0000000700200000|100%| O|  |TAMS 0x0000000700200000, 0x0000000700200000| Untracked 
|   1|0x0000000700200000, 0x0000000700400000, 0x0000000700400000|100%| O|  |TAMS 0x0000000700400000, 0x0000000700400000| Untracked 
|   2|0x0000000700400000, 0x0000000700600000, 0x0000000700600000|100%| O|  |TAMS 0x0000000700600000, 0x0000000700600000| Untracked 
|   3|0x0000000700600000, 0x0000000700800000, 0x0000000700800000|100%| O|  |TAMS 0x0000000700800000, 0x0000000700800000| Untracked 
|   4|0x0000000700800000, 0x0000000700a00000, 0x0000000700a00000|100%| O|  |TAMS 0x0000000700a00000, 0x0000000700a00000| Untracked 
|   5|0x0000000700a00000, 0x0000000700c00000, 0x0000000700c00000|100%| O|  |TAMS 0x0000000700c00000, 0x0000000700c00000| Untracked 
|   6|0x0000000700c00000, 0x0000000700e00000, 0x0000000700e00000|100%| O|  |TAMS 0x0000000700e00000, 0x0000000700e00000| Untracked 
|   7|0x0000000700e00000, 0x0000000700eb1c00, 0x0000000701000000| 34%| O|  |TAMS 0x0000000700eb1c00, 0x0000000700eb1c00| Untracked 
|   8|0x0000000701000000, 0x0000000701200000, 0x0000000701200000|100%| O|  |TAMS 0x0000000701200000, 0x0000000701200000| Untracked 
|   9|0x0000000701200000, 0x0000000701400000, 0x0000000701400000|100%| O|  |TAMS 0x0000000701400000, 0x0000000701400000| Untracked 
|  10|0x0000000701400000, 0x0000000701600000, 0x0000000701600000|100%| O|  |TAMS 0x0000000701600000, 0x0000000701600000| Untracked 
|  11|0x0000000701600000, 0x0000000701800000, 0x0000000701800000|100%| O|  |TAMS 0x0000000701800000, 0x0000000701800000| Untracked 
|  12|0x0000000701800000, 0x0000000701a00000, 0x0000000701a00000|100%| O|  |TAMS 0x0000000701a00000, 0x0000000701a00000| Untracked 
|  13|0x0000000701a00000, 0x0000000701c00000, 0x0000000701c00000|100%| O|  |TAMS 0x0000000701c00000, 0x0000000701c00000| Untracked 
|  14|0x0000000701c00000, 0x0000000701e00000, 0x0000000701e00000|100%| O|  |TAMS 0x0000000701e00000, 0x0000000701e00000| Untracked 
|  15|0x0000000701e00000, 0x0000000702000000, 0x0000000702000000|100%| O|  |TAMS 0x0000000702000000, 0x0000000702000000| Untracked 
|  16|0x0000000702000000, 0x0000000702200000, 0x0000000702200000|100%| O|  |TAMS 0x0000000702200000, 0x0000000702200000| Untracked 
|  17|0x0000000702200000, 0x0000000702400000, 0x0000000702400000|100%| O|  |TAMS 0x0000000702400000, 0x0000000702400000| Untracked 
|  18|0x0000000702400000, 0x0000000702600000, 0x0000000702600000|100%| O|  |TAMS 0x0000000702400000, 0x0000000702600000| Untracked 
|  19|0x0000000702600000, 0x0000000702800000, 0x0000000702800000|100%| O|  |TAMS 0x0000000702600000, 0x0000000702800000| Untracked 
|  20|0x0000000702800000, 0x0000000702a00000, 0x0000000702a00000|100%| O|  |TAMS 0x0000000702800000, 0x0000000702a00000| Untracked 
|  21|0x0000000702a00000, 0x0000000702c00000, 0x0000000702c00000|100%| O|  |TAMS 0x0000000702c00000, 0x0000000702c00000| Untracked 
|  22|0x0000000702c00000, 0x0000000702e00000, 0x0000000702e00000|100%| O|  |TAMS 0x0000000702e00000, 0x0000000702e00000| Untracked 
|  23|0x0000000702e00000, 0x0000000703000000, 0x0000000703000000|100%| O|  |TAMS 0x0000000703000000, 0x0000000703000000| Untracked 
|  24|0x0000000703000000, 0x0000000703200000, 0x0000000703200000|100%| O|  |TAMS 0x0000000703200000, 0x0000000703200000| Untracked 
|  25|0x0000000703200000, 0x0000000703400000, 0x0000000703400000|100%| O|  |TAMS 0x0000000703400000, 0x0000000703400000| Untracked 
|  26|0x0000000703400000, 0x0000000703600000, 0x0000000703600000|100%| O|  |TAMS 0x0000000703600000, 0x0000000703600000| Untracked 
|  27|0x0000000703600000, 0x0000000703800000, 0x0000000703800000|100%| O|  |TAMS 0x0000000703800000, 0x0000000703800000| Untracked 
|  28|0x0000000703800000, 0x0000000703a00000, 0x0000000703a00000|100%| O|  |TAMS 0x0000000703a00000, 0x0000000703a00000| Untracked 
|  29|0x0000000703a00000, 0x0000000703c00000, 0x0000000703c00000|100%| O|  |TAMS 0x0000000703c00000, 0x0000000703c00000| Untracked 
|  30|0x0000000703c00000, 0x0000000703e00000, 0x0000000703e00000|100%| O|  |TAMS 0x0000000703e00000, 0x0000000703e00000| Untracked 
|  31|0x0000000703e00000, 0x0000000704000000, 0x0000000704000000|100%| O|  |TAMS 0x0000000704000000, 0x0000000704000000| Untracked 
|  32|0x0000000704000000, 0x0000000704200000, 0x0000000704200000|100%| O|  |TAMS 0x0000000704200000, 0x0000000704200000| Untracked 
|  33|0x0000000704200000, 0x0000000704400000, 0x0000000704400000|100%| O|  |TAMS 0x0000000704400000, 0x0000000704400000| Untracked 
|  34|0x0000000704400000, 0x0000000704600000, 0x0000000704600000|100%| O|  |TAMS 0x0000000704600000, 0x0000000704600000| Untracked 
|  35|0x0000000704600000, 0x0000000704800000, 0x0000000704800000|100%| O|  |TAMS 0x0000000704800000, 0x0000000704800000| Untracked 
|  36|0x0000000704800000, 0x0000000704a00000, 0x0000000704a00000|100%| O|  |TAMS 0x0000000704a00000, 0x0000000704a00000| Untracked 
|  37|0x0000000704a00000, 0x0000000704c00000, 0x0000000704c00000|100%| O|  |TAMS 0x0000000704c00000, 0x0000000704c00000| Untracked 
|  38|0x0000000704c00000, 0x0000000704e00000, 0x0000000704e00000|100%| O|  |TAMS 0x0000000704e00000, 0x0000000704e00000| Untracked 
|  39|0x0000000704e00000, 0x0000000705000000, 0x0000000705000000|100%| O|  |TAMS 0x0000000705000000, 0x0000000705000000| Untracked 
|  40|0x0000000705000000, 0x0000000705200000, 0x0000000705200000|100%| O|  |TAMS 0x0000000705200000, 0x0000000705200000| Untracked 
|  41|0x0000000705200000, 0x0000000705400000, 0x0000000705400000|100%| O|  |TAMS 0x0000000705400000, 0x0000000705400000| Untracked 
|  42|0x0000000705400000, 0x0000000705600000, 0x0000000705600000|100%| O|  |TAMS 0x0000000705600000, 0x0000000705600000| Untracked 
|  43|0x0000000705600000, 0x0000000705800000, 0x0000000705800000|100%| O|  |TAMS 0x0000000705800000, 0x0000000705800000| Untracked 
|  44|0x0000000705800000, 0x0000000705a00000, 0x0000000705a00000|100%| O|  |TAMS 0x0000000705a00000, 0x0000000705a00000| Untracked 
|  45|0x0000000705a00000, 0x0000000705c00000, 0x0000000705c00000|100%| O|  |TAMS 0x0000000705c00000, 0x0000000705c00000| Untracked 
|  46|0x0000000705c00000, 0x0000000705e00000, 0x0000000705e00000|100%| O|  |TAMS 0x0000000705e00000, 0x0000000705e00000| Untracked 
|  47|0x0000000705e00000, 0x0000000706000000, 0x0000000706000000|100%| O|  |TAMS 0x0000000706000000, 0x0000000706000000| Untracked 
|  48|0x0000000706000000, 0x0000000706200000, 0x0000000706200000|100%| O|  |TAMS 0x0000000706200000, 0x0000000706200000| Untracked 
|  49|0x0000000706200000, 0x0000000706400000, 0x0000000706400000|100%| O|  |TAMS 0x0000000706400000, 0x0000000706400000| Untracked 
|  50|0x0000000706400000, 0x0000000706600000, 0x0000000706600000|100%| O|  |TAMS 0x0000000706600000, 0x0000000706600000| Untracked 
|  51|0x0000000706600000, 0x0000000706800000, 0x0000000706800000|100%| O|  |TAMS 0x0000000706800000, 0x0000000706800000| Untracked 
|  52|0x0000000706800000, 0x0000000706a00000, 0x0000000706a00000|100%| O|  |TAMS 0x0000000706a00000, 0x0000000706a00000| Untracked 
|  53|0x0000000706a00000, 0x0000000706c00000, 0x0000000706c00000|100%| O|  |TAMS 0x0000000706c00000, 0x0000000706c00000| Untracked 
|  54|0x0000000706c00000, 0x0000000706e00000, 0x0000000706e00000|100%| O|  |TAMS 0x0000000706e00000, 0x0000000706e00000| Untracked 
|  55|0x0000000706e00000, 0x0000000707000000, 0x0000000707000000|100%| O|  |TAMS 0x0000000707000000, 0x0000000707000000| Untracked 
|  56|0x0000000707000000, 0x0000000707200000, 0x0000000707200000|100%| O|  |TAMS 0x0000000707200000, 0x0000000707200000| Untracked 
|  57|0x0000000707200000, 0x0000000707400000, 0x0000000707400000|100%| O|  |TAMS 0x0000000707400000, 0x0000000707400000| Untracked 
|  58|0x0000000707400000, 0x0000000707600000, 0x0000000707600000|100%| O|  |TAMS 0x0000000707600000, 0x0000000707600000| Untracked 
|  59|0x0000000707600000, 0x0000000707800000, 0x0000000707800000|100%| O|  |TAMS 0x0000000707600000, 0x0000000707800000| Untracked 
|  60|0x0000000707800000, 0x0000000707a00000, 0x0000000707a00000|100%| O|  |TAMS 0x0000000707800000, 0x0000000707a00000| Untracked 
|  61|0x0000000707a00000, 0x0000000707c00000, 0x0000000707c00000|100%|HS|  |TAMS 0x0000000707c00000, 0x0000000707c00000| Complete 
|  62|0x0000000707c00000, 0x0000000707e00000, 0x0000000707e00000|100%| O|  |TAMS 0x0000000707e00000, 0x0000000707e00000| Untracked 
|  63|0x0000000707e00000, 0x0000000708000000, 0x0000000708000000|100%| O|  |TAMS 0x0000000708000000, 0x0000000708000000| Untracked 
|  64|0x0000000708000000, 0x0000000708200000, 0x0000000708200000|100%| O|  |TAMS 0x0000000708200000, 0x0000000708200000| Untracked 
|  65|0x0000000708200000, 0x0000000708400000, 0x0000000708400000|100%| O|  |TAMS 0x0000000708400000, 0x0000000708400000| Untracked 
|  66|0x0000000708400000, 0x0000000708600000, 0x0000000708600000|100%| O|  |TAMS 0x0000000708600000, 0x0000000708600000| Untracked 
|  67|0x0000000708600000, 0x0000000708800000, 0x0000000708800000|100%| O|  |TAMS 0x0000000708800000, 0x0000000708800000| Untracked 
|  68|0x0000000708800000, 0x0000000708a00000, 0x0000000708a00000|100%| O|  |TAMS 0x0000000708a00000, 0x0000000708a00000| Untracked 
|  69|0x0000000708a00000, 0x0000000708c00000, 0x0000000708c00000|100%| O|  |TAMS 0x0000000708c00000, 0x0000000708c00000| Untracked 
|  70|0x0000000708c00000, 0x0000000708e00000, 0x0000000708e00000|100%| O|  |TAMS 0x0000000708e00000, 0x0000000708e00000| Untracked 
|  71|0x0000000708e00000, 0x0000000709000000, 0x0000000709000000|100%| O|  |TAMS 0x0000000709000000, 0x0000000709000000| Untracked 
|  72|0x0000000709000000, 0x0000000709200000, 0x0000000709200000|100%| O|  |TAMS 0x0000000709200000, 0x0000000709200000| Untracked 
|  73|0x0000000709200000, 0x0000000709400000, 0x0000000709400000|100%| O|  |TAMS 0x0000000709400000, 0x0000000709400000| Untracked 
|  74|0x0000000709400000, 0x0000000709600000, 0x0000000709600000|100%| O|  |TAMS 0x00000007094db800, 0x0000000709600000| Untracked 
|  75|0x0000000709600000, 0x0000000709800000, 0x0000000709800000|100%| O|  |TAMS 0x0000000709600000, 0x0000000709800000| Untracked 
|  76|0x0000000709800000, 0x0000000709a00000, 0x0000000709a00000|100%| O|  |TAMS 0x0000000709800000, 0x0000000709a00000| Untracked 
|  77|0x0000000709a00000, 0x0000000709c00000, 0x0000000709c00000|100%| O|  |TAMS 0x0000000709a00000, 0x0000000709c00000| Untracked 
|  78|0x0000000709c00000, 0x0000000709e00000, 0x0000000709e00000|100%| O|  |TAMS 0x0000000709c00000, 0x0000000709e00000| Untracked 
|  79|0x0000000709e00000, 0x000000070a000000, 0x000000070a000000|100%| O|  |TAMS 0x0000000709e00000, 0x000000070a000000| Untracked 
|  80|0x000000070a000000, 0x000000070a200000, 0x000000070a200000|100%| O|  |TAMS 0x000000070a000000, 0x000000070a200000| Untracked 
|  81|0x000000070a200000, 0x000000070a400000, 0x000000070a400000|100%| O|  |TAMS 0x000000070a200000, 0x000000070a400000| Untracked 
|  82|0x000000070a400000, 0x000000070a600000, 0x000000070a600000|100%| O|  |TAMS 0x000000070a400000, 0x000000070a600000| Untracked 
|  83|0x000000070a600000, 0x000000070a800000, 0x000000070a800000|100%| O|  |TAMS 0x000000070a600000, 0x000000070a800000| Untracked 
|  84|0x000000070a800000, 0x000000070aa00000, 0x000000070aa00000|100%| O|  |TAMS 0x000000070a800000, 0x000000070aa00000| Untracked 
|  85|0x000000070aa00000, 0x000000070ac00000, 0x000000070ac00000|100%| O|  |TAMS 0x000000070aa00000, 0x000000070ac00000| Untracked 
|  86|0x000000070ac00000, 0x000000070ae00000, 0x000000070ae00000|100%| O|  |TAMS 0x000000070ac00000, 0x000000070ae00000| Untracked 
|  87|0x000000070ae00000, 0x000000070b000000, 0x000000070b000000|100%| O|  |TAMS 0x000000070ae00000, 0x000000070b000000| Untracked 
|  88|0x000000070b000000, 0x000000070b200000, 0x000000070b200000|100%| O|  |TAMS 0x000000070b000000, 0x000000070b200000| Untracked 
|  89|0x000000070b200000, 0x000000070b400000, 0x000000070b400000|100%| O|  |TAMS 0x000000070b200000, 0x000000070b400000| Untracked 
|  90|0x000000070b400000, 0x000000070b600000, 0x000000070b600000|100%| O|  |TAMS 0x000000070b400000, 0x000000070b600000| Untracked 
|  91|0x000000070b600000, 0x000000070b800000, 0x000000070b800000|100%| O|  |TAMS 0x000000070b600000, 0x000000070b800000| Untracked 
|  92|0x000000070b800000, 0x000000070ba00000, 0x000000070ba00000|100%| O|  |TAMS 0x000000070b800000, 0x000000070ba00000| Untracked 
|  93|0x000000070ba00000, 0x000000070bc00000, 0x000000070bc00000|100%| O|  |TAMS 0x000000070ba00000, 0x000000070bc00000| Untracked 
|  94|0x000000070bc00000, 0x000000070be00000, 0x000000070be00000|100%| O|  |TAMS 0x000000070bc00000, 0x000000070be00000| Untracked 
|  95|0x000000070be00000, 0x000000070c000000, 0x000000070c000000|100%| O|  |TAMS 0x000000070be00000, 0x000000070c000000| Untracked 
|  96|0x000000070c000000, 0x000000070c200000, 0x000000070c200000|100%| O|  |TAMS 0x000000070c000000, 0x000000070c200000| Untracked 
|  97|0x000000070c200000, 0x000000070c400000, 0x000000070c400000|100%| O|  |TAMS 0x000000070c200000, 0x000000070c400000| Untracked 
|  98|0x000000070c400000, 0x000000070c600000, 0x000000070c600000|100%| O|  |TAMS 0x000000070c400000, 0x000000070c600000| Untracked 
|  99|0x000000070c600000, 0x000000070c800000, 0x000000070c800000|100%| O|  |TAMS 0x000000070c600000, 0x000000070c800000| Untracked 
| 100|0x000000070c800000, 0x000000070ca00000, 0x000000070ca00000|100%| O|  |TAMS 0x000000070c800000, 0x000000070ca00000| Untracked 
| 101|0x000000070ca00000, 0x000000070cc00000, 0x000000070cc00000|100%| O|  |TAMS 0x000000070ca00000, 0x000000070cc00000| Untracked 
| 102|0x000000070cc00000, 0x000000070ce00000, 0x000000070ce00000|100%| O|  |TAMS 0x000000070cc00000, 0x000000070ce00000| Untracked 
| 103|0x000000070ce00000, 0x000000070d000000, 0x000000070d000000|100%| O|  |TAMS 0x000000070ce00000, 0x000000070d000000| Untracked 
| 104|0x000000070d000000, 0x000000070d200000, 0x000000070d200000|100%| O|  |TAMS 0x000000070d000000, 0x000000070d200000| Untracked 
| 105|0x000000070d200000, 0x000000070d400000, 0x000000070d400000|100%| O|  |TAMS 0x000000070d200000, 0x000000070d400000| Untracked 
| 106|0x000000070d400000, 0x000000070d600000, 0x000000070d600000|100%| O|  |TAMS 0x000000070d400000, 0x000000070d600000| Untracked 
| 107|0x000000070d600000, 0x000000070d800000, 0x000000070d800000|100%| O|  |TAMS 0x000000070d600000, 0x000000070d800000| Untracked 
| 108|0x000000070d800000, 0x000000070da00000, 0x000000070da00000|100%| O|  |TAMS 0x000000070d800000, 0x000000070da00000| Untracked 
| 109|0x000000070da00000, 0x000000070dc00000, 0x000000070dc00000|100%| O|  |TAMS 0x000000070da00000, 0x000000070dc00000| Untracked 
| 110|0x000000070dc00000, 0x000000070de00000, 0x000000070de00000|100%| O|  |TAMS 0x000000070dc00000, 0x000000070de00000| Untracked 
| 111|0x000000070de00000, 0x000000070e000000, 0x000000070e000000|100%| O|  |TAMS 0x000000070de00000, 0x000000070e000000| Untracked 
| 112|0x000000070e000000, 0x000000070e200000, 0x000000070e200000|100%| O|  |TAMS 0x000000070e000000, 0x000000070e200000| Untracked 
| 113|0x000000070e200000, 0x000000070e400000, 0x000000070e400000|100%| O|  |TAMS 0x000000070e200000, 0x000000070e400000| Untracked 
| 114|0x000000070e400000, 0x000000070e600000, 0x000000070e600000|100%| O|  |TAMS 0x000000070e400000, 0x000000070e600000| Untracked 
| 115|0x000000070e600000, 0x000000070e800000, 0x000000070e800000|100%| O|  |TAMS 0x000000070e600000, 0x000000070e800000| Untracked 
| 116|0x000000070e800000, 0x000000070ea00000, 0x000000070ea00000|100%| O|  |TAMS 0x000000070e800000, 0x000000070ea00000| Untracked 
| 117|0x000000070ea00000, 0x000000070ec00000, 0x000000070ec00000|100%| O|  |TAMS 0x000000070ea00000, 0x000000070ec00000| Untracked 
| 118|0x000000070ec00000, 0x000000070ee00000, 0x000000070ee00000|100%| O|  |TAMS 0x000000070ec00000, 0x000000070ee00000| Untracked 
| 119|0x000000070ee00000, 0x000000070f000000, 0x000000070f000000|100%| O|  |TAMS 0x000000070ee00000, 0x000000070f000000| Untracked 
| 120|0x000000070f000000, 0x000000070f200000, 0x000000070f200000|100%| O|  |TAMS 0x000000070f000000, 0x000000070f200000| Untracked 
| 121|0x000000070f200000, 0x000000070f400000, 0x000000070f400000|100%| O|  |TAMS 0x000000070f200000, 0x000000070f400000| Untracked 
| 122|0x000000070f400000, 0x000000070f600000, 0x000000070f600000|100%| O|  |TAMS 0x000000070f400000, 0x000000070f600000| Untracked 
| 123|0x000000070f600000, 0x000000070f800000, 0x000000070f800000|100%| O|  |TAMS 0x000000070f600000, 0x000000070f800000| Untracked 
| 124|0x000000070f800000, 0x000000070fa00000, 0x000000070fa00000|100%| O|  |TAMS 0x000000070f800000, 0x000000070fa00000| Untracked 
| 125|0x000000070fa00000, 0x000000070fc00000, 0x000000070fc00000|100%| O|  |TAMS 0x000000070fa00000, 0x000000070fc00000| Untracked 
| 126|0x000000070fc00000, 0x000000070fe00000, 0x000000070fe00000|100%| O|  |TAMS 0x000000070fc00000, 0x000000070fe00000| Untracked 
| 127|0x000000070fe00000, 0x0000000710000000, 0x0000000710000000|100%| O|  |TAMS 0x000000070fe00000, 0x0000000710000000| Untracked 
| 128|0x0000000710000000, 0x0000000710200000, 0x0000000710200000|100%| O|  |TAMS 0x0000000710000000, 0x0000000710200000| Untracked 
| 129|0x0000000710200000, 0x0000000710400000, 0x0000000710400000|100%| O|  |TAMS 0x0000000710200000, 0x0000000710400000| Untracked 
| 130|0x0000000710400000, 0x0000000710600000, 0x0000000710600000|100%| O|  |TAMS 0x0000000710400000, 0x0000000710600000| Untracked 
| 131|0x0000000710600000, 0x0000000710800000, 0x0000000710800000|100%| O|  |TAMS 0x0000000710600000, 0x0000000710800000| Untracked 
| 132|0x0000000710800000, 0x0000000710a00000, 0x0000000710a00000|100%| O|  |TAMS 0x0000000710800000, 0x0000000710a00000| Untracked 
| 133|0x0000000710a00000, 0x0000000710c00000, 0x0000000710c00000|100%| O|  |TAMS 0x0000000710a00000, 0x0000000710c00000| Untracked 
| 134|0x0000000710c00000, 0x0000000710e00000, 0x0000000710e00000|100%| O|  |TAMS 0x0000000710c00000, 0x0000000710e00000| Untracked 
| 135|0x0000000710e00000, 0x0000000711000000, 0x0000000711000000|100%| O|  |TAMS 0x0000000710e00000, 0x0000000711000000| Untracked 
| 136|0x0000000711000000, 0x0000000711200000, 0x0000000711200000|100%| O|  |TAMS 0x0000000711000000, 0x0000000711200000| Untracked 
| 137|0x0000000711200000, 0x0000000711400000, 0x0000000711400000|100%| O|  |TAMS 0x0000000711200000, 0x0000000711400000| Untracked 
| 138|0x0000000711400000, 0x0000000711600000, 0x0000000711600000|100%| O|  |TAMS 0x0000000711400000, 0x0000000711600000| Untracked 
| 139|0x0000000711600000, 0x0000000711800000, 0x0000000711800000|100%| O|  |TAMS 0x0000000711600000, 0x0000000711800000| Untracked 
| 140|0x0000000711800000, 0x0000000711a00000, 0x0000000711a00000|100%| O|  |TAMS 0x0000000711800000, 0x0000000711a00000| Untracked 
| 141|0x0000000711a00000, 0x0000000711c00000, 0x0000000711c00000|100%| O|  |TAMS 0x0000000711a00000, 0x0000000711c00000| Untracked 
| 142|0x0000000711c00000, 0x0000000711e00000, 0x0000000711e00000|100%| O|  |TAMS 0x0000000711c00000, 0x0000000711e00000| Untracked 
| 143|0x0000000711e00000, 0x0000000712000000, 0x0000000712000000|100%| O|  |TAMS 0x0000000711e00000, 0x0000000712000000| Untracked 
| 144|0x0000000712000000, 0x0000000712200000, 0x0000000712200000|100%| O|  |TAMS 0x0000000712000000, 0x0000000712200000| Untracked 
| 145|0x0000000712200000, 0x0000000712400000, 0x0000000712400000|100%| O|  |TAMS 0x0000000712200000, 0x0000000712400000| Untracked 
| 146|0x0000000712400000, 0x0000000712600000, 0x0000000712600000|100%| O|  |TAMS 0x0000000712400000, 0x0000000712600000| Untracked 
| 147|0x0000000712600000, 0x0000000712800000, 0x0000000712800000|100%| O|  |TAMS 0x0000000712600000, 0x0000000712800000| Untracked 
| 148|0x0000000712800000, 0x0000000712a00000, 0x0000000712a00000|100%| O|  |TAMS 0x0000000712800000, 0x0000000712a00000| Untracked 
| 149|0x0000000712a00000, 0x0000000712c00000, 0x0000000712c00000|100%| O|  |TAMS 0x0000000712a00000, 0x0000000712c00000| Untracked 
| 150|0x0000000712c00000, 0x0000000712e00000, 0x0000000712e00000|100%| O|  |TAMS 0x0000000712c00000, 0x0000000712e00000| Untracked 
| 151|0x0000000712e00000, 0x0000000713000000, 0x0000000713000000|100%| O|  |TAMS 0x0000000712e00000, 0x0000000713000000| Untracked 
| 152|0x0000000713000000, 0x0000000713200000, 0x0000000713200000|100%| O|  |TAMS 0x0000000713000000, 0x00000007131f3c00| Untracked 
| 153|0x0000000713200000, 0x0000000713400000, 0x0000000713400000|100%| O|  |TAMS 0x0000000713200000, 0x0000000713200000| Untracked 
| 154|0x0000000713400000, 0x0000000713600000, 0x0000000713600000|100%| O|  |TAMS 0x0000000713400000, 0x0000000713400000| Untracked 
| 155|0x0000000713600000, 0x0000000713800000, 0x0000000713800000|100%| O|  |TAMS 0x0000000713600000, 0x0000000713600000| Untracked 
| 156|0x0000000713800000, 0x0000000713a00000, 0x0000000713a00000|100%| O|  |TAMS 0x0000000713800000, 0x0000000713800000| Untracked 
| 157|0x0000000713a00000, 0x0000000713c00000, 0x0000000713c00000|100%| O|  |TAMS 0x0000000713a00000, 0x0000000713a00000| Untracked 
| 158|0x0000000713c00000, 0x0000000713e00000, 0x0000000713e00000|100%| O|  |TAMS 0x0000000713c00000, 0x0000000713c00000| Untracked 
| 159|0x0000000713e00000, 0x0000000714000000, 0x0000000714000000|100%| O|  |TAMS 0x0000000713e00000, 0x0000000713e00000| Untracked 
| 160|0x0000000714000000, 0x0000000714200000, 0x0000000714200000|100%| O|  |TAMS 0x0000000714000000, 0x0000000714000000| Untracked 
| 161|0x0000000714200000, 0x0000000714400000, 0x0000000714400000|100%| O|  |TAMS 0x0000000714200000, 0x0000000714200000| Untracked 
| 162|0x0000000714400000, 0x0000000714600000, 0x0000000714600000|100%| O|  |TAMS 0x0000000714400000, 0x0000000714400000| Untracked 
| 163|0x0000000714600000, 0x0000000714800000, 0x0000000714800000|100%| O|  |TAMS 0x0000000714600000, 0x0000000714600000| Untracked 
| 164|0x0000000714800000, 0x0000000714a00000, 0x0000000714a00000|100%| O|  |TAMS 0x0000000714800000, 0x0000000714800000| Untracked 
| 165|0x0000000714a00000, 0x0000000714c00000, 0x0000000714c00000|100%| O|  |TAMS 0x0000000714a00000, 0x0000000714a00000| Untracked 
| 166|0x0000000714c00000, 0x0000000714e00000, 0x0000000714e00000|100%| O|  |TAMS 0x0000000714c00000, 0x0000000714c00000| Untracked 
| 167|0x0000000714e00000, 0x0000000715000000, 0x0000000715000000|100%| O|  |TAMS 0x0000000714e00000, 0x0000000714e00000| Untracked 
| 168|0x0000000715000000, 0x0000000715200000, 0x0000000715200000|100%| O|  |TAMS 0x0000000715000000, 0x0000000715000000| Untracked 
| 169|0x0000000715200000, 0x0000000715400000, 0x0000000715400000|100%| O|  |TAMS 0x0000000715200000, 0x0000000715200000| Untracked 
| 170|0x0000000715400000, 0x0000000715600000, 0x0000000715600000|100%| O|  |TAMS 0x0000000715400000, 0x0000000715400000| Untracked 
| 171|0x0000000715600000, 0x0000000715800000, 0x0000000715800000|100%| O|  |TAMS 0x0000000715600000, 0x0000000715600000| Untracked 
| 172|0x0000000715800000, 0x0000000715a00000, 0x0000000715a00000|100%| O|  |TAMS 0x0000000715800000, 0x0000000715800000| Untracked 
| 173|0x0000000715a00000, 0x0000000715c00000, 0x0000000715c00000|100%| O|  |TAMS 0x0000000715a00000, 0x0000000715a00000| Untracked 
| 174|0x0000000715c00000, 0x0000000715e00000, 0x0000000715e00000|100%| O|  |TAMS 0x0000000715c00000, 0x0000000715c00000| Untracked 
| 175|0x0000000715e00000, 0x0000000716000000, 0x0000000716000000|100%| O|  |TAMS 0x0000000715e00000, 0x0000000715e00000| Untracked 
| 176|0x0000000716000000, 0x0000000716200000, 0x0000000716200000|100%| O|  |TAMS 0x0000000716000000, 0x0000000716000000| Untracked 
| 177|0x0000000716200000, 0x0000000716400000, 0x0000000716400000|100%| O|  |TAMS 0x0000000716200000, 0x0000000716200000| Untracked 
| 178|0x0000000716400000, 0x0000000716600000, 0x0000000716600000|100%| O|  |TAMS 0x0000000716400000, 0x0000000716400000| Untracked 
| 179|0x0000000716600000, 0x0000000716800000, 0x0000000716800000|100%| O|  |TAMS 0x0000000716600000, 0x0000000716600000| Untracked 
| 180|0x0000000716800000, 0x0000000716a00000, 0x0000000716a00000|100%| O|  |TAMS 0x0000000716800000, 0x0000000716800000| Untracked 
| 181|0x0000000716a00000, 0x0000000716c00000, 0x0000000716c00000|100%| O|  |TAMS 0x0000000716a00000, 0x0000000716a00000| Untracked 
| 182|0x0000000716c00000, 0x0000000716e00000, 0x0000000716e00000|100%| O|  |TAMS 0x0000000716c00000, 0x0000000716c00000| Untracked 
| 183|0x0000000716e00000, 0x0000000717000000, 0x0000000717000000|100%| O|  |TAMS 0x0000000716e00000, 0x0000000716e00000| Untracked 
| 184|0x0000000717000000, 0x0000000717200000, 0x0000000717200000|100%| O|  |TAMS 0x0000000717000000, 0x0000000717000000| Untracked 
| 185|0x0000000717200000, 0x0000000717400000, 0x0000000717400000|100%| O|  |TAMS 0x0000000717200000, 0x0000000717200000| Untracked 
| 186|0x0000000717400000, 0x0000000717600000, 0x0000000717600000|100%| O|  |TAMS 0x0000000717400000, 0x0000000717400000| Untracked 
| 187|0x0000000717600000, 0x0000000717800000, 0x0000000717800000|100%| O|  |TAMS 0x0000000717600000, 0x0000000717600000| Untracked 
| 188|0x0000000717800000, 0x0000000717a00000, 0x0000000717a00000|100%| O|  |TAMS 0x0000000717800000, 0x0000000717800000| Untracked 
| 189|0x0000000717a00000, 0x0000000717c00000, 0x0000000717c00000|100%| O|  |TAMS 0x0000000717a00000, 0x0000000717a00000| Untracked 
| 190|0x0000000717c00000, 0x0000000717e00000, 0x0000000717e00000|100%| O|  |TAMS 0x0000000717c00000, 0x0000000717c00000| Untracked 
| 191|0x0000000717e00000, 0x0000000718000000, 0x0000000718000000|100%| O|  |TAMS 0x0000000717e00000, 0x0000000717e00000| Untracked 
| 192|0x0000000718000000, 0x0000000718200000, 0x0000000718200000|100%| O|  |TAMS 0x0000000718000000, 0x0000000718000000| Untracked 
| 193|0x0000000718200000, 0x0000000718400000, 0x0000000718400000|100%| O|  |TAMS 0x0000000718200000, 0x0000000718200000| Untracked 
| 194|0x0000000718400000, 0x0000000718600000, 0x0000000718600000|100%| O|  |TAMS 0x0000000718400000, 0x0000000718400000| Untracked 
| 195|0x0000000718600000, 0x0000000718800000, 0x0000000718800000|100%| O|  |TAMS 0x0000000718600000, 0x0000000718600000| Untracked 
| 196|0x0000000718800000, 0x0000000718a00000, 0x0000000718a00000|100%| O|  |TAMS 0x0000000718800000, 0x0000000718800000| Untracked 
| 197|0x0000000718a00000, 0x0000000718c00000, 0x0000000718c00000|100%| O|  |TAMS 0x0000000718a00000, 0x0000000718a00000| Untracked 
| 198|0x0000000718c00000, 0x0000000718e00000, 0x0000000718e00000|100%| O|  |TAMS 0x0000000718c00000, 0x0000000718c00000| Untracked 
| 199|0x0000000718e00000, 0x0000000719000000, 0x0000000719000000|100%| O|  |TAMS 0x0000000718e00000, 0x0000000718e00000| Untracked 
| 200|0x0000000719000000, 0x0000000719200000, 0x0000000719200000|100%| O|  |TAMS 0x0000000719000000, 0x0000000719000000| Untracked 
| 201|0x0000000719200000, 0x0000000719400000, 0x0000000719400000|100%| O|  |TAMS 0x0000000719200000, 0x0000000719200000| Untracked 
| 202|0x0000000719400000, 0x0000000719600000, 0x0000000719600000|100%| O|  |TAMS 0x0000000719400000, 0x0000000719400000| Untracked 
| 203|0x0000000719600000, 0x0000000719800000, 0x0000000719800000|100%| O|  |TAMS 0x0000000719600000, 0x0000000719600000| Untracked 
| 204|0x0000000719800000, 0x0000000719a00000, 0x0000000719a00000|100%| O|  |TAMS 0x0000000719800000, 0x0000000719800000| Untracked 
| 205|0x0000000719a00000, 0x0000000719c00000, 0x0000000719c00000|100%| O|  |TAMS 0x0000000719a00000, 0x0000000719a00000| Untracked 
| 206|0x0000000719c00000, 0x0000000719e00000, 0x0000000719e00000|100%| O|  |TAMS 0x0000000719c00000, 0x0000000719c00000| Untracked 
| 207|0x0000000719e00000, 0x000000071a000000, 0x000000071a000000|100%| O|  |TAMS 0x0000000719e00000, 0x0000000719e00000| Untracked 
| 208|0x000000071a000000, 0x000000071a200000, 0x000000071a200000|100%| O|  |TAMS 0x000000071a000000, 0x000000071a000000| Untracked 
| 209|0x000000071a200000, 0x000000071a400000, 0x000000071a400000|100%| O|  |TAMS 0x000000071a200000, 0x000000071a200000| Untracked 
| 210|0x000000071a400000, 0x000000071a600000, 0x000000071a600000|100%| O|  |TAMS 0x000000071a400000, 0x000000071a400000| Untracked 
| 211|0x000000071a600000, 0x000000071a800000, 0x000000071a800000|100%| O|  |TAMS 0x000000071a600000, 0x000000071a600000| Untracked 
| 212|0x000000071a800000, 0x000000071aa00000, 0x000000071aa00000|100%| O|  |TAMS 0x000000071a800000, 0x000000071a800000| Untracked 
| 213|0x000000071aa00000, 0x000000071ac00000, 0x000000071ac00000|100%| O|  |TAMS 0x000000071aa00000, 0x000000071aa00000| Untracked 
| 214|0x000000071ac00000, 0x000000071ae00000, 0x000000071ae00000|100%| O|  |TAMS 0x000000071ac00000, 0x000000071ac00000| Untracked 
| 215|0x000000071ae00000, 0x000000071b000000, 0x000000071b000000|100%| O|  |TAMS 0x000000071ae00000, 0x000000071ae00000| Untracked 
| 216|0x000000071b000000, 0x000000071b156600, 0x000000071b200000| 66%| O|  |TAMS 0x000000071b000000, 0x000000071b000000| Untracked 
| 217|0x000000071b200000, 0x000000071b200000, 0x000000071b400000|  0%| F|  |TAMS 0x000000071b200000, 0x000000071b200000| Untracked 
| 218|0x000000071b400000, 0x000000071b400000, 0x000000071b600000|  0%| F|  |TAMS 0x000000071b400000, 0x000000071b400000| Untracked 
| 219|0x000000071b600000, 0x000000071b600000, 0x000000071b800000|  0%| F|  |TAMS 0x000000071b600000, 0x000000071b600000| Untracked 
| 220|0x000000071b800000, 0x000000071b800000, 0x000000071ba00000|  0%| F|  |TAMS 0x000000071b800000, 0x000000071b800000| Untracked 
| 221|0x000000071ba00000, 0x000000071ba00000, 0x000000071bc00000|  0%| F|  |TAMS 0x000000071ba00000, 0x000000071ba00000| Untracked 
| 222|0x000000071bc00000, 0x000000071bc00000, 0x000000071be00000|  0%| F|  |TAMS 0x000000071bc00000, 0x000000071bc00000| Untracked 
| 223|0x000000071be00000, 0x000000071be00000, 0x000000071c000000|  0%| F|  |TAMS 0x000000071be00000, 0x000000071be00000| Untracked 
| 224|0x000000071c000000, 0x000000071c000000, 0x000000071c200000|  0%| F|  |TAMS 0x000000071c000000, 0x000000071c000000| Untracked 
| 225|0x000000071c200000, 0x000000071c200000, 0x000000071c400000|  0%| F|  |TAMS 0x000000071c200000, 0x000000071c200000| Untracked 
| 226|0x000000071c400000, 0x000000071c400000, 0x000000071c600000|  0%| F|  |TAMS 0x000000071c400000, 0x000000071c400000| Untracked 
| 227|0x000000071c600000, 0x000000071c600000, 0x000000071c800000|  0%| F|  |TAMS 0x000000071c600000, 0x000000071c600000| Untracked 
| 228|0x000000071c800000, 0x000000071c800000, 0x000000071ca00000|  0%| F|  |TAMS 0x000000071c800000, 0x000000071c800000| Untracked 
| 229|0x000000071ca00000, 0x000000071ca00000, 0x000000071cc00000|  0%| F|  |TAMS 0x000000071ca00000, 0x000000071ca00000| Untracked 
| 230|0x000000071cc00000, 0x000000071cc00000, 0x000000071ce00000|  0%| F|  |TAMS 0x000000071cc00000, 0x000000071cc00000| Untracked 
| 231|0x000000071ce00000, 0x000000071ce00000, 0x000000071d000000|  0%| F|  |TAMS 0x000000071ce00000, 0x000000071ce00000| Untracked 
| 232|0x000000071d000000, 0x000000071d000000, 0x000000071d200000|  0%| F|  |TAMS 0x000000071d000000, 0x000000071d000000| Untracked 
| 233|0x000000071d200000, 0x000000071d200000, 0x000000071d400000|  0%| F|  |TAMS 0x000000071d200000, 0x000000071d200000| Untracked 
| 234|0x000000071d400000, 0x000000071d400000, 0x000000071d600000|  0%| F|  |TAMS 0x000000071d400000, 0x000000071d400000| Untracked 
| 235|0x000000071d600000, 0x000000071d600000, 0x000000071d800000|  0%| F|  |TAMS 0x000000071d600000, 0x000000071d600000| Untracked 
| 236|0x000000071d800000, 0x000000071d800000, 0x000000071da00000|  0%| F|  |TAMS 0x000000071d800000, 0x000000071d800000| Untracked 
| 237|0x000000071da00000, 0x000000071da00000, 0x000000071dc00000|  0%| F|  |TAMS 0x000000071da00000, 0x000000071da00000| Untracked 
| 238|0x000000071dc00000, 0x000000071dc00000, 0x000000071de00000|  0%| F|  |TAMS 0x000000071dc00000, 0x000000071dc00000| Untracked 
| 239|0x000000071de00000, 0x000000071de00000, 0x000000071e000000|  0%| F|  |TAMS 0x000000071de00000, 0x000000071de00000| Untracked 
| 240|0x000000071e000000, 0x000000071e000000, 0x000000071e200000|  0%| F|  |TAMS 0x000000071e000000, 0x000000071e000000| Untracked 
| 241|0x000000071e200000, 0x000000071e200000, 0x000000071e400000|  0%| F|  |TAMS 0x000000071e200000, 0x000000071e200000| Untracked 
| 242|0x000000071e400000, 0x000000071e400000, 0x000000071e600000|  0%| F|  |TAMS 0x000000071e400000, 0x000000071e400000| Untracked 
| 243|0x000000071e600000, 0x000000071e600000, 0x000000071e800000|  0%| F|  |TAMS 0x000000071e600000, 0x000000071e600000| Untracked 
| 244|0x000000071e800000, 0x000000071e800000, 0x000000071ea00000|  0%| F|  |TAMS 0x000000071e800000, 0x000000071e800000| Untracked 
| 245|0x000000071ea00000, 0x000000071ea00000, 0x000000071ec00000|  0%| F|  |TAMS 0x000000071ea00000, 0x000000071ea00000| Untracked 
| 246|0x000000071ec00000, 0x000000071ec00000, 0x000000071ee00000|  0%| F|  |TAMS 0x000000071ec00000, 0x000000071ec00000| Untracked 
| 247|0x000000071ee00000, 0x000000071ee00000, 0x000000071f000000|  0%| F|  |TAMS 0x000000071ee00000, 0x000000071ee00000| Untracked 
| 248|0x000000071f000000, 0x000000071f000000, 0x000000071f200000|  0%| F|  |TAMS 0x000000071f000000, 0x000000071f000000| Untracked 
| 249|0x000000071f200000, 0x000000071f200000, 0x000000071f400000|  0%| F|  |TAMS 0x000000071f200000, 0x000000071f200000| Untracked 
| 250|0x000000071f400000, 0x000000071f400000, 0x000000071f600000|  0%| F|  |TAMS 0x000000071f400000, 0x000000071f400000| Untracked 
| 251|0x000000071f600000, 0x000000071f600000, 0x000000071f800000|  0%| F|  |TAMS 0x000000071f600000, 0x000000071f600000| Untracked 
| 252|0x000000071f800000, 0x000000071f800000, 0x000000071fa00000|  0%| F|  |TAMS 0x000000071f800000, 0x000000071f800000| Untracked 
| 253|0x000000071fa00000, 0x000000071fc00000, 0x000000071fc00000|100%| S|CS|TAMS 0x000000071fa00000, 0x000000071fa00000| Complete 
| 254|0x000000071fc00000, 0x000000071fe00000, 0x000000071fe00000|100%| S|CS|TAMS 0x000000071fc00000, 0x000000071fc00000| Complete 
| 255|0x000000071fe00000, 0x000000071fe00000, 0x0000000720000000|  0%| F|  |TAMS 0x000000071fe00000, 0x000000071fe00000| Untracked 
| 256|0x0000000720000000, 0x0000000720000000, 0x0000000720200000|  0%| F|  |TAMS 0x0000000720000000, 0x0000000720000000| Untracked 
| 257|0x0000000720200000, 0x0000000720200000, 0x0000000720400000|  0%| F|  |TAMS 0x0000000720200000, 0x0000000720200000| Untracked 
| 258|0x0000000720400000, 0x0000000720400000, 0x0000000720600000|  0%| F|  |TAMS 0x0000000720400000, 0x0000000720400000| Untracked 
| 259|0x0000000720600000, 0x0000000720600000, 0x0000000720800000|  0%| F|  |TAMS 0x0000000720600000, 0x0000000720600000| Untracked 
| 260|0x0000000720800000, 0x0000000720800000, 0x0000000720a00000|  0%| F|  |TAMS 0x0000000720800000, 0x0000000720800000| Untracked 
| 261|0x0000000720a00000, 0x0000000720a00000, 0x0000000720c00000|  0%| F|  |TAMS 0x0000000720a00000, 0x0000000720a00000| Untracked 
| 262|0x0000000720c00000, 0x0000000720c00000, 0x0000000720e00000|  0%| F|  |TAMS 0x0000000720c00000, 0x0000000720c00000| Untracked 
| 263|0x0000000720e00000, 0x0000000720e00000, 0x0000000721000000|  0%| F|  |TAMS 0x0000000720e00000, 0x0000000720e00000| Untracked 
| 264|0x0000000721000000, 0x0000000721000000, 0x0000000721200000|  0%| F|  |TAMS 0x0000000721000000, 0x0000000721000000| Untracked 
| 265|0x0000000721200000, 0x0000000721200000, 0x0000000721400000|  0%| F|  |TAMS 0x0000000721200000, 0x0000000721200000| Untracked 
| 266|0x0000000721400000, 0x0000000721400000, 0x0000000721600000|  0%| F|  |TAMS 0x0000000721400000, 0x0000000721400000| Untracked 
| 267|0x0000000721600000, 0x0000000721600000, 0x0000000721800000|  0%| F|  |TAMS 0x0000000721600000, 0x0000000721600000| Untracked 
| 268|0x0000000721800000, 0x0000000721800000, 0x0000000721a00000|  0%| F|  |TAMS 0x0000000721800000, 0x0000000721800000| Untracked 
| 269|0x0000000721a00000, 0x0000000721a00000, 0x0000000721c00000|  0%| F|  |TAMS 0x0000000721a00000, 0x0000000721a00000| Untracked 
| 270|0x0000000721c00000, 0x0000000721c00000, 0x0000000721e00000|  0%| F|  |TAMS 0x0000000721c00000, 0x0000000721c00000| Untracked 
| 271|0x0000000721e00000, 0x0000000721e00000, 0x0000000722000000|  0%| F|  |TAMS 0x0000000721e00000, 0x0000000721e00000| Untracked 
| 272|0x0000000722000000, 0x0000000722000000, 0x0000000722200000|  0%| F|  |TAMS 0x0000000722000000, 0x0000000722000000| Untracked 
| 273|0x0000000722200000, 0x0000000722200000, 0x0000000722400000|  0%| F|  |TAMS 0x0000000722200000, 0x0000000722200000| Untracked 
| 274|0x0000000722400000, 0x0000000722400000, 0x0000000722600000|  0%| F|  |TAMS 0x0000000722400000, 0x0000000722400000| Untracked 
| 275|0x0000000722600000, 0x0000000722600000, 0x0000000722800000|  0%| F|  |TAMS 0x0000000722600000, 0x0000000722600000| Untracked 
| 276|0x0000000722800000, 0x0000000722800000, 0x0000000722a00000|  0%| F|  |TAMS 0x0000000722800000, 0x0000000722800000| Untracked 
| 277|0x0000000722a00000, 0x0000000722a00000, 0x0000000722c00000|  0%| F|  |TAMS 0x0000000722a00000, 0x0000000722a00000| Untracked 
| 278|0x0000000722c00000, 0x0000000722c00000, 0x0000000722e00000|  0%| F|  |TAMS 0x0000000722c00000, 0x0000000722c00000| Untracked 
| 279|0x0000000722e00000, 0x0000000722e00000, 0x0000000723000000|  0%| F|  |TAMS 0x0000000722e00000, 0x0000000722e00000| Untracked 
| 280|0x0000000723000000, 0x0000000723000000, 0x0000000723200000|  0%| F|  |TAMS 0x0000000723000000, 0x0000000723000000| Untracked 
| 281|0x0000000723200000, 0x0000000723200000, 0x0000000723400000|  0%| F|  |TAMS 0x0000000723200000, 0x0000000723200000| Untracked 
| 282|0x0000000723400000, 0x0000000723400000, 0x0000000723600000|  0%| F|  |TAMS 0x0000000723400000, 0x0000000723400000| Untracked 
| 283|0x0000000723600000, 0x0000000723600000, 0x0000000723800000|  0%| F|  |TAMS 0x0000000723600000, 0x0000000723600000| Untracked 
| 284|0x0000000723800000, 0x0000000723800000, 0x0000000723a00000|  0%| F|  |TAMS 0x0000000723800000, 0x0000000723800000| Untracked 
| 285|0x0000000723a00000, 0x0000000723a00000, 0x0000000723c00000|  0%| F|  |TAMS 0x0000000723a00000, 0x0000000723a00000| Untracked 
| 286|0x0000000723c00000, 0x0000000723c00000, 0x0000000723e00000|  0%| F|  |TAMS 0x0000000723c00000, 0x0000000723c00000| Untracked 
| 287|0x0000000723e00000, 0x0000000723e00000, 0x0000000724000000|  0%| F|  |TAMS 0x0000000723e00000, 0x0000000723e00000| Untracked 
| 288|0x0000000724000000, 0x0000000724000000, 0x0000000724200000|  0%| F|  |TAMS 0x0000000724000000, 0x0000000724000000| Untracked 
| 289|0x0000000724200000, 0x0000000724200000, 0x0000000724400000|  0%| F|  |TAMS 0x0000000724200000, 0x0000000724200000| Untracked 
| 290|0x0000000724400000, 0x0000000724400000, 0x0000000724600000|  0%| F|  |TAMS 0x0000000724400000, 0x0000000724400000| Untracked 
| 291|0x0000000724600000, 0x0000000724600000, 0x0000000724800000|  0%| F|  |TAMS 0x0000000724600000, 0x0000000724600000| Untracked 
| 292|0x0000000724800000, 0x0000000724800000, 0x0000000724a00000|  0%| F|  |TAMS 0x0000000724800000, 0x0000000724800000| Untracked 
| 293|0x0000000724a00000, 0x0000000724a00000, 0x0000000724c00000|  0%| F|  |TAMS 0x0000000724a00000, 0x0000000724a00000| Untracked 
| 294|0x0000000724c00000, 0x0000000724c00000, 0x0000000724e00000|  0%| F|  |TAMS 0x0000000724c00000, 0x0000000724c00000| Untracked 
| 295|0x0000000724e00000, 0x0000000724e00000, 0x0000000725000000|  0%| F|  |TAMS 0x0000000724e00000, 0x0000000724e00000| Untracked 
| 296|0x0000000725000000, 0x0000000725000000, 0x0000000725200000|  0%| F|  |TAMS 0x0000000725000000, 0x0000000725000000| Untracked 
| 297|0x0000000725200000, 0x0000000725200000, 0x0000000725400000|  0%| F|  |TAMS 0x0000000725200000, 0x0000000725200000| Untracked 
| 298|0x0000000725400000, 0x0000000725400000, 0x0000000725600000|  0%| F|  |TAMS 0x0000000725400000, 0x0000000725400000| Untracked 
| 299|0x0000000725600000, 0x0000000725600000, 0x0000000725800000|  0%| F|  |TAMS 0x0000000725600000, 0x0000000725600000| Untracked 
| 300|0x0000000725800000, 0x0000000725800000, 0x0000000725a00000|  0%| F|  |TAMS 0x0000000725800000, 0x0000000725800000| Untracked 
| 301|0x0000000725a00000, 0x0000000725a00000, 0x0000000725c00000|  0%| F|  |TAMS 0x0000000725a00000, 0x0000000725a00000| Untracked 
| 302|0x0000000725c00000, 0x0000000725c00000, 0x0000000725e00000|  0%| F|  |TAMS 0x0000000725c00000, 0x0000000725c00000| Untracked 
| 303|0x0000000725e00000, 0x0000000725e00000, 0x0000000726000000|  0%| F|  |TAMS 0x0000000725e00000, 0x0000000725e00000| Untracked 
| 304|0x0000000726000000, 0x0000000726000000, 0x0000000726200000|  0%| F|  |TAMS 0x0000000726000000, 0x0000000726000000| Untracked 
| 305|0x0000000726200000, 0x0000000726200000, 0x0000000726400000|  0%| F|  |TAMS 0x0000000726200000, 0x0000000726200000| Untracked 
| 306|0x0000000726400000, 0x0000000726400000, 0x0000000726600000|  0%| F|  |TAMS 0x0000000726400000, 0x0000000726400000| Untracked 
| 307|0x0000000726600000, 0x0000000726600000, 0x0000000726800000|  0%| F|  |TAMS 0x0000000726600000, 0x0000000726600000| Untracked 
| 308|0x0000000726800000, 0x0000000726800000, 0x0000000726a00000|  0%| F|  |TAMS 0x0000000726800000, 0x0000000726800000| Untracked 
| 309|0x0000000726a00000, 0x0000000726a00000, 0x0000000726c00000|  0%| F|  |TAMS 0x0000000726a00000, 0x0000000726a00000| Untracked 
| 310|0x0000000726c00000, 0x0000000726c00000, 0x0000000726e00000|  0%| F|  |TAMS 0x0000000726c00000, 0x0000000726c00000| Untracked 
| 311|0x0000000726e00000, 0x0000000726e00000, 0x0000000727000000|  0%| F|  |TAMS 0x0000000726e00000, 0x0000000726e00000| Untracked 
| 312|0x0000000727000000, 0x0000000727000000, 0x0000000727200000|  0%| F|  |TAMS 0x0000000727000000, 0x0000000727000000| Untracked 
| 313|0x0000000727200000, 0x0000000727200000, 0x0000000727400000|  0%| F|  |TAMS 0x0000000727200000, 0x0000000727200000| Untracked 
| 314|0x0000000727400000, 0x0000000727400000, 0x0000000727600000|  0%| F|  |TAMS 0x0000000727400000, 0x0000000727400000| Untracked 
| 315|0x0000000727600000, 0x0000000727600000, 0x0000000727800000|  0%| F|  |TAMS 0x0000000727600000, 0x0000000727600000| Untracked 
| 316|0x0000000727800000, 0x0000000727800000, 0x0000000727a00000|  0%| F|  |TAMS 0x0000000727800000, 0x0000000727800000| Untracked 
| 317|0x0000000727a00000, 0x0000000727a00000, 0x0000000727c00000|  0%| F|  |TAMS 0x0000000727a00000, 0x0000000727a00000| Untracked 
| 318|0x0000000727c00000, 0x0000000727c00000, 0x0000000727e00000|  0%| F|  |TAMS 0x0000000727c00000, 0x0000000727c00000| Untracked 
| 319|0x0000000727e00000, 0x0000000727e00000, 0x0000000728000000|  0%| F|  |TAMS 0x0000000727e00000, 0x0000000727e00000| Untracked 
| 320|0x0000000728000000, 0x0000000728000000, 0x0000000728200000|  0%| F|  |TAMS 0x0000000728000000, 0x0000000728000000| Untracked 
| 321|0x0000000728200000, 0x0000000728200000, 0x0000000728400000|  0%| F|  |TAMS 0x0000000728200000, 0x0000000728200000| Untracked 
| 322|0x0000000728400000, 0x0000000728400000, 0x0000000728600000|  0%| F|  |TAMS 0x0000000728400000, 0x0000000728400000| Untracked 
| 323|0x0000000728600000, 0x0000000728600000, 0x0000000728800000|  0%| F|  |TAMS 0x0000000728600000, 0x0000000728600000| Untracked 
| 324|0x0000000728800000, 0x0000000728800000, 0x0000000728a00000|  0%| F|  |TAMS 0x0000000728800000, 0x0000000728800000| Untracked 
| 325|0x0000000728a00000, 0x0000000728a00000, 0x0000000728c00000|  0%| F|  |TAMS 0x0000000728a00000, 0x0000000728a00000| Untracked 
| 326|0x0000000728c00000, 0x0000000728c00000, 0x0000000728e00000|  0%| F|  |TAMS 0x0000000728c00000, 0x0000000728c00000| Untracked 
| 327|0x0000000728e00000, 0x0000000728e00000, 0x0000000729000000|  0%| F|  |TAMS 0x0000000728e00000, 0x0000000728e00000| Untracked 
| 328|0x0000000729000000, 0x0000000729000000, 0x0000000729200000|  0%| F|  |TAMS 0x0000000729000000, 0x0000000729000000| Untracked 
| 329|0x0000000729200000, 0x0000000729200000, 0x0000000729400000|  0%| F|  |TAMS 0x0000000729200000, 0x0000000729200000| Untracked 
| 330|0x0000000729400000, 0x0000000729400000, 0x0000000729600000|  0%| F|  |TAMS 0x0000000729400000, 0x0000000729400000| Untracked 
| 331|0x0000000729600000, 0x0000000729600000, 0x0000000729800000|  0%| F|  |TAMS 0x0000000729600000, 0x0000000729600000| Untracked 
| 332|0x0000000729800000, 0x0000000729800000, 0x0000000729a00000|  0%| F|  |TAMS 0x0000000729800000, 0x0000000729800000| Untracked 
| 333|0x0000000729a00000, 0x0000000729a00000, 0x0000000729c00000|  0%| F|  |TAMS 0x0000000729a00000, 0x0000000729a00000| Untracked 
| 334|0x0000000729c00000, 0x0000000729c00000, 0x0000000729e00000|  0%| F|  |TAMS 0x0000000729c00000, 0x0000000729c00000| Untracked 
| 335|0x0000000729e00000, 0x0000000729e00000, 0x000000072a000000|  0%| F|  |TAMS 0x0000000729e00000, 0x0000000729e00000| Untracked 
| 336|0x000000072a000000, 0x000000072a000000, 0x000000072a200000|  0%| F|  |TAMS 0x000000072a000000, 0x000000072a000000| Untracked 
| 337|0x000000072a200000, 0x000000072a200000, 0x000000072a400000|  0%| F|  |TAMS 0x000000072a200000, 0x000000072a200000| Untracked 
| 338|0x000000072a400000, 0x000000072a400000, 0x000000072a600000|  0%| F|  |TAMS 0x000000072a400000, 0x000000072a400000| Untracked 
|2046|0x00000007ffc00000, 0x00000007ffe00000, 0x00000007ffe00000|100%| O|  |TAMS 0x00000007ffe00000, 0x00000007ffe00000| Untracked 
|2047|0x00000007ffe00000, 0x0000000800000000, 0x0000000800000000|100%| O|  |TAMS 0x0000000800000000, 0x0000000800000000| Untracked 

Card table byte_map: [0x000002a7756c0000,0x000002a775ec0000] _byte_map_base: 0x000002a771ec0000

Marking Bits (Prev, Next): (CMBitMap*) 0x000002a75dbbe180, (CMBitMap*) 0x000002a75dbbe140
 Prev Bits: [0x000002a77a6c0000, 0x000002a77e6c0000)
 Next Bits: [0x000002a7766c0000, 0x000002a77a6c0000)

Polling page: 0x000002a75ba20000

Metaspace:

Usage:
  Non-class:     38.01 MB used.
      Class:      4.67 MB used.
       Both:     42.68 MB used.

Virtual space:
  Non-class space:       64.00 MB reserved,      38.19 MB ( 60%) committed,  1 nodes.
      Class space:        1.00 GB reserved,       4.81 MB ( <1%) committed,  1 nodes.
             Both:        1.06 GB reserved,      43.00 MB (  4%) committed. 

Chunk freelists:
   Non-Class:  9.41 MB
       Class:  11.16 MB
        Both:  20.57 MB

MaxMetaspaceSize: unlimited
CompressedClassSpaceSize: 1.00 GB
Initial GC threshold: 21.00 MB
Current GC threshold: 69.94 MB
CDS: on
MetaspaceReclaimPolicy: balanced
 - commit_granule_bytes: 65536.
 - commit_granule_words: 8192.
 - virtual_space_node_default_size: 8388608.
 - enlarge_chunks_in_place: 1.
 - new_chunks_are_fully_committed: 0.
 - uncommit_free_chunks: 1.
 - use_allocation_guard: 0.
 - handle_deallocations: 1.


Internal statistics:

num_allocs_failed_limit: 3.
num_arena_births: 310.
num_arena_deaths: 0.
num_vsnodes_births: 2.
num_vsnodes_deaths: 0.
num_space_committed: 686.
num_space_uncommitted: 0.
num_chunks_returned_to_freelist: 3.
num_chunks_taken_from_freelist: 1520.
num_chunk_merges: 3.
num_chunk_splits: 1081.
num_chunks_enlarged: 879.
num_inconsistent_stats: 0.

CodeHeap 'non-profiled nmethods': size=119168Kb used=6128Kb max_used=6128Kb free=113039Kb
 bounds [0x000002a76d1e0000, 0x000002a76d7e0000, 0x000002a774640000]
CodeHeap 'profiled nmethods': size=119104Kb used=11008Kb max_used=11008Kb free=108095Kb
 bounds [0x000002a765640000, 0x000002a766110000, 0x000002a76ca90000]
CodeHeap 'non-nmethods': size=7488Kb used=1439Kb max_used=3214Kb free=6048Kb
 bounds [0x000002a76ca90000, 0x000002a76ce10000, 0x000002a76d1e0000]
 total_blobs=6741 nmethods=5943 adapters=710
 compilation: enabled
              stopped_count=0, restarted_count=0
 full_count=0

Compilation events (20 events):
Event: 162.341 Thread 0x000002a77f7ab040 nmethod 7530 0x000002a766101310 code [0x000002a766101500, 0x000002a7661019e8]
Event: 162.341 Thread 0x000002a77f7ab040 7534       3       java.awt.Component::isEnabled (5 bytes)
Event: 162.341 Thread 0x000002a77f7ab040 nmethod 7534 0x000002a766101b90 code [0x000002a766101d20, 0x000002a766101e58]
Event: 162.341 Thread 0x000002a77f7ab040 7535       1       java.awt.Component::getGraphicsConfiguration_NoClientCode (5 bytes)
Event: 162.341 Thread 0x000002a77f7ab040 nmethod 7535 0x000002a76d7d7b90 code [0x000002a76d7d7d20, 0x000002a76d7d7df8]
Event: 162.341 Thread 0x000002a77f7ab040 7532       1       java.awt.Component::getComponentOrientation (5 bytes)
Event: 162.341 Thread 0x000002a77f7ab040 nmethod 7532 0x000002a76d7d7e90 code [0x000002a76d7d8020, 0x000002a76d7d80f8]
Event: 162.341 Thread 0x000002a77f7ab040 7533       1       javax.swing.JComponent::getBorder (5 bytes)
Event: 162.342 Thread 0x000002a77f7ab040 nmethod 7533 0x000002a76d7d8190 code [0x000002a76d7d8320, 0x000002a76d7d83f8]
Event: 162.350 Thread 0x000002a77f7a9b10 nmethod 7522 0x000002a76d7d8490 code [0x000002a76d7d8640, 0x000002a76d7d9158]
Event: 162.350 Thread 0x000002a77f7a9b10 7536       4       com.anylogic.engine.Agent::getRootAgent (30 bytes)
Event: 162.353 Thread 0x000002a77f7a9b10 nmethod 7536 0x000002a76d7d9690 code [0x000002a76d7d9820, 0x000002a76d7d9938]
Event: 162.353 Thread 0x000002a77f7a9b10 7523  s    4       java.util.Hashtable::get (69 bytes)
Event: 162.360 Thread 0x000002a77f7a9b10 nmethod 7523 0x000002a76d7d9a90 code [0x000002a76d7d9c20, 0x000002a76d7da0d8]
Event: 162.373 Thread 0x000002a77f7a9b10 7537       4       com.anylogic.engine.bg::setSpace (127 bytes)
Event: 162.480 Thread 0x000002a77f7a9b10 nmethod 7537 0x000002a76d7da290 code [0x000002a76d7da500, 0x000002a76d7db578]
Event: 162.500 Thread 0x000002a77f7ab040 7538       3       com.fasterxml.jackson.core.json.WriterBasedJsonGenerator::_writeString2 (138 bytes)
Event: 162.501 Thread 0x000002a77f7ab040 nmethod 7538 0x000002a766101f10 code [0x000002a766102100, 0x000002a766102638]
Event: 162.501 Thread 0x000002a77f7ab040 7539       3       com.fasterxml.jackson.core.json.WriterBasedJsonGenerator::_writeString (90 bytes)
Event: 162.502 Thread 0x000002a77f7ab040 nmethod 7539 0x000002a766102890 code [0x000002a766102ac0, 0x000002a766102fd8]

GC Heap History (20 events):
Event: 20.810 GC heap after
{Heap after GC invocations=27 (full 0):
 garbage-first heap   total 243712K, used 152828K [0x0000000700000000, 0x0000000800000000)
  region size 2048K, 3 young (6144K), 3 survivors (6144K)
 Metaspace       used 42642K, committed 42944K, reserved 1114112K
  class space    used 4766K, committed 4928K, reserved 1048576K
}
Event: 20.842 GC heap before
{Heap before GC invocations=27 (full 0):
 garbage-first heap   total 243712K, used 156924K [0x0000000700000000, 0x0000000800000000)
  region size 2048K, 5 young (10240K), 3 survivors (6144K)
 Metaspace       used 42642K, committed 42944K, reserved 1114112K
  class space    used 4766K, committed 4928K, reserved 1048576K
}
Event: 20.852 GC heap after
{Heap after GC invocations=28 (full 0):
 garbage-first heap   total 243712K, used 150732K [0x0000000700000000, 0x0000000800000000)
  region size 2048K, 1 young (2048K), 1 survivors (2048K)
 Metaspace       used 42642K, committed 42944K, reserved 1114112K
  class space    used 4766K, committed 4928K, reserved 1048576K
}
Event: 21.242 GC heap before
{Heap before GC invocations=28 (full 0):
 garbage-first heap   total 243712K, used 175308K [0x0000000700000000, 0x0000000800000000)
  region size 2048K, 13 young (26624K), 1 survivors (2048K)
 Metaspace       used 42656K, committed 42944K, reserved 1114112K
  class space    used 4766K, committed 4928K, reserved 1048576K
}
Event: 21.252 GC heap after
{Heap after GC invocations=29 (full 0):
 garbage-first heap   total 698368K, used 154856K [0x0000000700000000, 0x0000000800000000)
  region size 2048K, 2 young (4096K), 2 survivors (4096K)
 Metaspace       used 42656K, committed 42944K, reserved 1114112K
  class space    used 4766K, committed 4928K, reserved 1048576K
}
Event: 24.346 GC heap before
{Heap before GC invocations=30 (full 0):
 garbage-first heap   total 546816K, used 353512K [0x0000000700000000, 0x0000000800000000)
  region size 2048K, 100 young (204800K), 2 survivors (4096K)
 Metaspace       used 42824K, committed 43200K, reserved 1114112K
  class space    used 4771K, committed 4928K, reserved 1048576K
}
Event: 24.387 GC heap after
{Heap after GC invocations=31 (full 0):
 garbage-first heap   total 546816K, used 209883K [0x0000000700000000, 0x0000000800000000)
  region size 2048K, 13 young (26624K), 13 survivors (26624K)
 Metaspace       used 42824K, committed 43200K, reserved 1114112K
  class space    used 4771K, committed 4928K, reserved 1048576K
}
Event: 24.397 GC heap before
{Heap before GC invocations=31 (full 0):
 garbage-first heap   total 546816K, used 211931K [0x0000000700000000, 0x0000000800000000)
  region size 2048K, 14 young (28672K), 13 survivors (26624K)
 Metaspace       used 42824K, committed 43200K, reserved 1114112K
  class space    used 4771K, committed 4928K, reserved 1048576K
}
Event: 24.410 GC heap after
{Heap after GC invocations=32 (full 0):
 garbage-first heap   total 546816K, used 214914K [0x0000000700000000, 0x0000000800000000)
  region size 2048K, 2 young (4096K), 2 survivors (4096K)
 Metaspace       used 42824K, committed 43200K, reserved 1114112K
  class space    used 4771K, committed 4928K, reserved 1048576K
}
Event: 145.430 GC heap before
{Heap before GC invocations=32 (full 0):
 garbage-first heap   total 546816K, used 356226K [0x0000000700000000, 0x0000000800000000)
  region size 2048K, 71 young (145408K), 2 survivors (4096K)
 Metaspace       used 43656K, committed 43968K, reserved 1114112K
  class space    used 4784K, committed 4928K, reserved 1048576K
}
Event: 145.553 GC heap after
{Heap after GC invocations=33 (full 0):
 garbage-first heap   total 546816K, used 251397K [0x0000000700000000, 0x0000000800000000)
  region size 2048K, 9 young (18432K), 9 survivors (18432K)
 Metaspace       used 43656K, committed 43968K, reserved 1114112K
  class space    used 4784K, committed 4928K, reserved 1048576K
}
Event: 146.801 GC heap before
{Heap before GC invocations=33 (full 0):
 garbage-first heap   total 546816K, used 359941K [0x0000000700000000, 0x0000000800000000)
  region size 2048K, 62 young (126976K), 9 survivors (18432K)
 Metaspace       used 43657K, committed 43968K, reserved 1114112K
  class space    used 4784K, committed 4928K, reserved 1048576K
}
Event: 146.886 GC heap after
{Heap after GC invocations=34 (full 0):
 garbage-first heap   total 546816K, used 332438K [0x0000000700000000, 0x0000000800000000)
  region size 2048K, 8 young (16384K), 8 survivors (16384K)
 Metaspace       used 43657K, committed 43968K, reserved 1114112K
  class space    used 4784K, committed 4928K, reserved 1048576K
}
Event: 162.375 GC heap before
{Heap before GC invocations=34 (full 0):
 garbage-first heap   total 546816K, used 393878K [0x0000000700000000, 0x0000000800000000)
  region size 2048K, 38 young (77824K), 8 survivors (16384K)
 Metaspace       used 43700K, committed 44032K, reserved 1114112K
  class space    used 4784K, committed 4928K, reserved 1048576K
}
Event: 162.423 GC heap after
{Heap after GC invocations=35 (full 0):
 garbage-first heap   total 546816K, used 362176K [0x0000000700000000, 0x0000000800000000)
  region size 2048K, 5 young (10240K), 5 survivors (10240K)
 Metaspace       used 43700K, committed 44032K, reserved 1114112K
  class space    used 4784K, committed 4928K, reserved 1048576K
}
Event: 162.514 GC heap before
{Heap before GC invocations=35 (full 0):
 garbage-first heap   total 546816K, used 415424K [0x0000000700000000, 0x0000000800000000)
  region size 2048K, 31 young (63488K), 5 survivors (10240K)
 Metaspace       used 43705K, committed 44032K, reserved 1114112K
  class space    used 4784K, committed 4928K, reserved 1048576K
}
Event: 162.570 GC heap after
{Heap after GC invocations=36 (full 0):
 garbage-first heap   total 546816K, used 403920K [0x0000000700000000, 0x0000000800000000)
  region size 2048K, 4 young (8192K), 4 survivors (8192K)
 Metaspace       used 43705K, committed 44032K, reserved 1114112K
  class space    used 4784K, committed 4928K, reserved 1048576K
}
Event: 162.606 GC heap before
{Heap before GC invocations=36 (full 0):
 garbage-first heap   total 546816K, used 436688K [0x0000000700000000, 0x0000000800000000)
  region size 2048K, 20 young (40960K), 4 survivors (8192K)
 Metaspace       used 43705K, committed 44032K, reserved 1114112K
  class space    used 4784K, committed 4928K, reserved 1048576K
}
Event: 162.638 GC heap after
{Heap after GC invocations=37 (full 0):
 garbage-first heap   total 546816K, used 432033K [0x0000000700000000, 0x0000000800000000)
  region size 2048K, 3 young (6144K), 3 survivors (6144K)
 Metaspace       used 43705K, committed 44032K, reserved 1114112K
  class space    used 4784K, committed 4928K, reserved 1048576K
}
Event: 162.664 GC heap before
{Heap before GC invocations=37 (full 0):
 garbage-first heap   total 546816K, used 452513K [0x0000000700000000, 0x0000000800000000)
  region size 2048K, 13 young (26624K), 3 survivors (6144K)
 Metaspace       used 43705K, committed 44032K, reserved 1114112K
  class space    used 4784K, committed 4928K, reserved 1048576K
}

Dll operation events (13 events):
Event: 0.023 Loaded shared library C:\Program Files\AnyLogic 8.9 Personal Learning Edition\jre\bin\java.dll
Event: 0.052 Loaded shared library C:\Program Files\AnyLogic 8.9 Personal Learning Edition\jre\bin\jsvml.dll
Event: 0.217 Loaded shared library C:\Program Files\AnyLogic 8.9 Personal Learning Edition\jre\bin\net.dll
Event: 0.221 Loaded shared library C:\Program Files\AnyLogic 8.9 Personal Learning Edition\jre\bin\nio.dll
Event: 0.225 Loaded shared library C:\Program Files\AnyLogic 8.9 Personal Learning Edition\jre\bin\zip.dll
Event: 0.333 Loaded shared library C:\Program Files\AnyLogic 8.9 Personal Learning Edition\jre\bin\jimage.dll
Event: 0.767 Loaded shared library C:\Program Files\AnyLogic 8.9 Personal Learning Edition\jre\bin\awt.dll
Event: 1.474 Loaded shared library C:\Program Files\AnyLogic 8.9 Personal Learning Edition\jre\bin\verify.dll
Event: 1.620 Loaded shared library C:\Program Files\AnyLogic 8.9 Personal Learning Edition\jre\bin\management.dll
Event: 1.633 Loaded shared library C:\Program Files\AnyLogic 8.9 Personal Learning Edition\jre\bin\management_ext.dll
Event: 1.975 Loaded shared library C:\Program Files\AnyLogic 8.9 Personal Learning Edition\jre\bin\sunmscapi.dll
Event: 19.103 Loaded shared library C:\Program Files\AnyLogic 8.9 Personal Learning Edition\jre\bin\freetype.dll
Event: 19.109 Loaded shared library C:\Program Files\AnyLogic 8.9 Personal Learning Edition\jre\bin\fontmanager.dll

Deoptimization events (20 events):
Event: 162.176 Thread 0x000002a748280680 Uncommon trap: trap_request=0xffffffde fr.pc=0x000002a76d786e8c relative=0x000000000000228c
Event: 162.176 Thread 0x000002a748280680 Uncommon trap: reason=class_check action=maybe_recompile pc=0x000002a76d786e8c method=com.anylogic.engine.gk.onDestroy()V @ 18 c2
Event: 162.176 Thread 0x000002a748280680 DEOPT PACKING pc=0x000002a76d786e8c sp=0x000000d3de1ff430
Event: 162.176 Thread 0x000002a748280680 DEOPT UNPACKING pc=0x000002a76cae69a3 sp=0x000000d3de1ff438 mode 2
Event: 162.176 Thread 0x000002a748280680 Uncommon trap: trap_request=0xffffffde fr.pc=0x000002a76d786e8c relative=0x000000000000228c
Event: 162.176 Thread 0x000002a748280680 Uncommon trap: reason=class_check action=maybe_recompile pc=0x000002a76d786e8c method=com.anylogic.engine.gk.onDestroy()V @ 18 c2
Event: 162.176 Thread 0x000002a748280680 DEOPT PACKING pc=0x000002a76d786e8c sp=0x000000d3de1ff430
Event: 162.176 Thread 0x000002a748280680 DEOPT UNPACKING pc=0x000002a76cae69a3 sp=0x000000d3de1ff438 mode 2
Event: 162.336 Thread 0x000002a748280680 Uncommon trap: trap_request=0xffffff66 fr.pc=0x000002a76d4ca694 relative=0x0000000000000e34
Event: 162.336 Thread 0x000002a748280680 Uncommon trap: reason=speculate_class_check action=maybe_recompile pc=0x000002a76d4ca694 method=com.anylogic.engine.markup.Level$$Lambda$592/0x000002a703456ea0.test(Ljava/lang/Object;)Z @ 5 c2
Event: 162.336 Thread 0x000002a748280680 DEOPT PACKING pc=0x000002a76d4ca694 sp=0x000000d3de1ff380
Event: 162.337 Thread 0x000002a748280680 DEOPT UNPACKING pc=0x000002a76cae69a3 sp=0x000000d3de1ff290 mode 2
Event: 162.337 Thread 0x000002a748280680 Uncommon trap: trap_request=0xffffffde fr.pc=0x000002a76d4b97a4 relative=0x00000000000003c4
Event: 162.337 Thread 0x000002a748280680 Uncommon trap: reason=class_check action=maybe_recompile pc=0x000002a76d4b97a4 method=com.anylogic.engine.markup.AbstractMarkupAggregator$$Lambda$598/0x000002a7034c0228.accept(Ljava/lang/Object;)V @ 1 c2
Event: 162.337 Thread 0x000002a748280680 DEOPT PACKING pc=0x000002a76d4b97a4 sp=0x000000d3de1ff420
Event: 162.338 Thread 0x000002a748280680 DEOPT UNPACKING pc=0x000002a76cae69a3 sp=0x000000d3de1ff2f8 mode 2
Event: 162.338 Thread 0x000002a748280680 Uncommon trap: trap_request=0xffffffde fr.pc=0x000002a76d4bb520 relative=0x0000000000000f40
Event: 162.338 Thread 0x000002a748280680 Uncommon trap: reason=class_check action=maybe_recompile pc=0x000002a76d4bb520 method=com.anylogic.engine.presentation.ShapeTopLevelPresentationGroup$$Lambda$599/0x000002a7034c12d8.accept(Ljava/lang/Object;)V @ 5 c2
Event: 162.339 Thread 0x000002a748280680 DEOPT PACKING pc=0x000002a76d4bb520 sp=0x000000d3de1ff350
Event: 162.339 Thread 0x000002a748280680 DEOPT UNPACKING pc=0x000002a76cae69a3 sp=0x000000d3de1ff018 mode 2

Classes unloaded (0 events):
No events

Classes redefined (0 events):
No events

Internal exceptions (20 events):
Event: 18.104 Thread 0x000002a748280680 Exception <a 'java/lang/NoSuchMethodError'{0x00000007059715c8}: 'java.lang.Object java.lang.invoke.DirectMethodHandle$Holder.invokeVirtual(java.lang.Object, java.lang.Object, int)'> (0x00000007059715c8) 
thrown [s\src\hotspot\share\interpreter\linkResolver.cpp, line 759]
Event: 18.106 Thread 0x000002a748280680 Exception <a 'java/lang/NoSuchMethodError'{0x0000000705978e30}: 'void java.lang.invoke.DirectMethodHandle$Holder.invokeVirtual(java.lang.Object, java.lang.Object, int, java.lang.Object)'> (0x0000000705978e30) 
thrown [s\src\hotspot\share\interpreter\linkResolver.cpp, line 759]
Event: 18.107 Thread 0x000002a748280680 Exception <a 'java/lang/NoSuchMethodError'{0x0000000705986e60}: 'int java.lang.invoke.DirectMethodHandle$Holder.invokeVirtual(java.lang.Object, java.lang.Object)'> (0x0000000705986e60) 
thrown [s\src\hotspot\share\interpreter\linkResolver.cpp, line 759]
Event: 18.116 Thread 0x000002a748280680 Implicit null exception at 0x000002a76d44c955 to 0x000002a76d44cefd
Event: 18.203 Thread 0x000002a748280680 Implicit null exception at 0x000002a76d456a09 to 0x000002a76d45739c
Event: 18.220 Thread 0x000002a748280680 Implicit null exception at 0x000002a76d447727 to 0x000002a76d447be0
Event: 18.592 Thread 0x000002a748280680 Exception <a 'java/lang/NoSuchMethodError'{0x0000000705389490}: 'void java.lang.invoke.DirectMethodHandle$Holder.invokeStatic(java.lang.Object, int, java.lang.Object)'> (0x0000000705389490) 
thrown [s\src\hotspot\share\interpreter\linkResolver.cpp, line 759]
Event: 18.938 Thread 0x000002a748280680 Exception <a 'java/lang/NoSuchMethodError'{0x0000000705116228}: 'java.lang.Object java.lang.invoke.DirectMethodHandle$Holder.invokeStatic(java.lang.Object, int, java.lang.Object, java.lang.Object, java.lang.Object, java.lang.Object)'> (0x0000000705116228) 
thrown [s\src\hotspot\share\interpreter\linkResolver.cpp, line 759]
Event: 19.014 Thread 0x000002a748280680 Exception <a 'java/lang/ClassNotFoundException'{0x0000000704e2ac10}: com/sun/swing/internal/plaf/metal/resources/spi/metalProvider> (0x0000000704e2ac10) 
thrown [s\src\hotspot\share\classfile\systemDictionary.cpp, line 256]
Event: 19.019 Thread 0x000002a748280680 Exception <a 'java/lang/ClassNotFoundException'{0x0000000704e2eb48}: com/sun/swing/internal/plaf/basic/resources/spi/basicProvider> (0x0000000704e2eb48) 
thrown [s\src\hotspot\share\classfile\systemDictionary.cpp, line 256]
Event: 19.462 Thread 0x000002a748280680 Exception <a 'java/lang/NoSuchMethodError'{0x0000000704fc62b8}: 'int java.lang.invoke.DirectMethodHandle$Holder.invokeSpecial(java.lang.Object, java.lang.Object, java.lang.Object, java.lang.Object)'> (0x0000000704fc62b8) 
thrown [s\src\hotspot\share\interpreter\linkResolver.cpp, line 759]
Event: 20.472 Thread 0x000002a7477bf0d0 Implicit null exception at 0x000002a76d4ad3eb to 0x000002a76d4ad4a8
Event: 23.233 Thread 0x000002a7477bf0d0 Implicit null exception at 0x000002a76d58dd5c to 0x000002a76d58faa0
Event: 23.234 Thread 0x000002a7477bf0d0 Implicit null exception at 0x000002a76d448730 to 0x000002a76d44874d
Event: 23.234 Thread 0x000002a7477bf0d0 Implicit null exception at 0x000002a76d4494b0 to 0x000002a76d4494c8
Event: 23.234 Thread 0x000002a7477bf0d0 Implicit null exception at 0x000002a76d4491b0 to 0x000002a76d4491c8
Event: 24.515 Thread 0x000002a7477bf0d0 Implicit null exception at 0x000002a76d4fede4 to 0x000002a76d4fef66
Event: 24.515 Thread 0x000002a7477bf0d0 Implicit null exception at 0x000002a76d5335e2 to 0x000002a76d5336ec
Event: 24.516 Thread 0x000002a7477bf0d0 Implicit null exception at 0x000002a76d5322f8 to 0x000002a76d5323fe
Event: 143.593 Thread 0x000002a7477bf0d0 Implicit null exception at 0x000002a76d28b087 to 0x000002a76d28b80c

VM Operations (20 events):
Event: 147.902 Executing VM operation: Cleanup done
Event: 149.903 Executing VM operation: Cleanup
Event: 149.903 Executing VM operation: Cleanup done
Event: 156.914 Executing VM operation: Cleanup
Event: 156.914 Executing VM operation: Cleanup done
Event: 157.915 Executing VM operation: Cleanup
Event: 157.915 Executing VM operation: Cleanup done
Event: 159.916 Executing VM operation: Cleanup
Event: 159.916 Executing VM operation: Cleanup done
Event: 160.916 Executing VM operation: Cleanup
Event: 160.916 Executing VM operation: Cleanup done
Event: 161.916 Executing VM operation: Cleanup
Event: 161.917 Executing VM operation: Cleanup done
Event: 162.375 Executing VM operation: G1CollectForAllocation
Event: 162.423 Executing VM operation: G1CollectForAllocation done
Event: 162.513 Executing VM operation: G1CollectForAllocation
Event: 162.570 Executing VM operation: G1CollectForAllocation done
Event: 162.603 Executing VM operation: G1CollectForAllocation
Event: 162.638 Executing VM operation: G1CollectForAllocation done
Event: 162.659 Executing VM operation: G1CollectForAllocation

Events (20 events):
Event: 143.565 loading class java/util/stream/StreamSpliterators
Event: 143.573 loading class java/util/stream/StreamSpliterators done
Event: 143.635 Thread 0x000002a7536ea0b0 Thread added: 0x000002a7536ea0b0
Event: 143.636 Thread 0x000002a752d3c8a0 Thread added: 0x000002a752d3c8a0
Event: 143.654 loading class jdk/internal/reflect/UnsafeIntegerFieldAccessorImpl
Event: 143.658 loading class jdk/internal/reflect/UnsafeIntegerFieldAccessorImpl done
Event: 144.646 Thread 0x000002a752d3c8a0 Thread exited: 0x000002a752d3c8a0
Event: 144.683 Thread 0x000002a7536ea0b0 Thread exited: 0x000002a7536ea0b0
Event: 144.938 Thread 0x000002a7477bebc0 Thread added: 0x000002a7477bebc0
Event: 144.941 Thread 0x000002a7477bd780 Thread added: 0x000002a7477bd780
Event: 146.042 Thread 0x000002a7477bebc0 Thread exited: 0x000002a7477bebc0
Event: 146.043 Thread 0x000002a7477bd780 Thread exited: 0x000002a7477bd780
Event: 156.621 Thread 0x000002a7536ea0b0 Thread added: 0x000002a7536ea0b0
Event: 156.624 Thread 0x000002a749bfad90 Thread added: 0x000002a749bfad90
Event: 156.625 Thread 0x000002a752d3c8a0 Thread added: 0x000002a752d3c8a0
Event: 158.156 Thread 0x000002a752d3c8a0 Thread exited: 0x000002a752d3c8a0
Event: 158.395 Thread 0x000002a749bfad90 Thread exited: 0x000002a749bfad90
Event: 159.754 Thread 0x000002a7536ea0b0 Thread exited: 0x000002a7536ea0b0
Event: 162.322 Thread 0x000002a7477bf5e0 Thread added: 0x000002a7477bf5e0
Event: 162.323 Thread 0x000002a7477bd780 Thread added: 0x000002a7477bd780


Dynamic libraries:
0x00007ff734590000 - 0x00007ff73459e000 	C:\Program Files\AnyLogic 8.9 Personal Learning Edition\jre\bin\javaw.exe
0x00007fffb7820000 - 0x00007fffb7a87000 	C:\WINDOWS\SYSTEM32\ntdll.dll
0x00007fffb6e30000 - 0x00007fffb6ef9000 	C:\WINDOWS\System32\KERNEL32.DLL
0x00007fffb4f10000 - 0x00007fffb5307000 	C:\WINDOWS\System32\KERNELBASE.dll
0x00007fffb5450000 - 0x00007fffb559b000 	C:\WINDOWS\System32\ucrtbase.dll
0x00007fffab2f0000 - 0x00007fffab307000 	C:\Program Files\AnyLogic 8.9 Personal Learning Edition\jre\bin\jli.dll
0x00007fffb5b20000 - 0x00007fffb5ce6000 	C:\WINDOWS\System32\USER32.dll
0x00007fffab000000 - 0x00007fffab01b000 	C:\Program Files\AnyLogic 8.9 Personal Learning Edition\jre\bin\VCRUNTIME140.dll
0x00007fffb4250000 - 0x00007fffb4277000 	C:\WINDOWS\System32\win32u.dll
0x00007fffb5e90000 - 0x00007fffb5ebb000 	C:\WINDOWS\System32\GDI32.dll
0x00007fffa3340000 - 0x00007fffa35d2000 	C:\WINDOWS\WinSxS\amd64_microsoft.windows.common-controls_6595b64144ccf1df_6.0.26100.8457_none_3e0b2faee331e92d\COMCTL32.dll
0x00007fffb4570000 - 0x00007fffb469c000 	C:\WINDOWS\System32\gdi32full.dll
0x00007fffb7390000 - 0x00007fffb7439000 	C:\WINDOWS\System32\msvcrt.dll
0x00007fffb5310000 - 0x00007fffb53b3000 	C:\WINDOWS\System32\msvcp_win.dll
0x00007fffb68f0000 - 0x00007fffb6922000 	C:\WINDOWS\System32\IMM32.DLL
0x00007fffaaed0000 - 0x00007fffaaedc000 	C:\Program Files\AnyLogic 8.9 Personal Learning Edition\jre\bin\vcruntime140_1.dll
0x00007fffa1160000 - 0x00007fffa11ed000 	C:\Program Files\AnyLogic 8.9 Personal Learning Edition\jre\bin\msvcp140.dll
0x00007fff08d60000 - 0x00007fff099c1000 	C:\Program Files\AnyLogic 8.9 Personal Learning Edition\jre\bin\server\jvm.dll
0x00007fffb6b10000 - 0x00007fffb6bc6000 	C:\WINDOWS\System32\ADVAPI32.dll
0x00007fffb5d50000 - 0x00007fffb5df7000 	C:\WINDOWS\System32\sechost.dll
0x00007fffb7610000 - 0x00007fffb7728000 	C:\WINDOWS\System32\RPCRT4.dll
0x00007fffb2200000 - 0x00007fffb2236000 	C:\WINDOWS\SYSTEM32\WINMM.dll
0x00007fffb40b0000 - 0x00007fffb410e000 	C:\WINDOWS\SYSTEM32\POWRPROF.dll
0x00007fffb1450000 - 0x00007fffb145b000 	C:\WINDOWS\SYSTEM32\VERSION.dll
0x00007fffacf20000 - 0x00007fffacf2a000 	C:\WINDOWS\SYSTEM32\WSOCK32.dll
0x00007fffb5e00000 - 0x00007fffb5e80000 	C:\WINDOWS\System32\WS2_32.dll
0x00007fffb4090000 - 0x00007fffb40a4000 	C:\WINDOWS\SYSTEM32\UMPDC.dll
0x00007fffb2fe0000 - 0x00007fffb2ffb000 	C:\WINDOWS\SYSTEM32\kernel.appcore.dll
0x00007fffaeda0000 - 0x00007fffaedaa000 	C:\Program Files\AnyLogic 8.9 Personal Learning Edition\jre\bin\jimage.dll
0x00007fffb1f20000 - 0x00007fffb2162000 	C:\WINDOWS\SYSTEM32\DBGHELP.DLL
0x00007fffb55b0000 - 0x00007fffb5933000 	C:\WINDOWS\System32\combase.dll
0x00007fffb6cd0000 - 0x00007fffb6da9000 	C:\WINDOWS\System32\OLEAUT32.dll
0x00007fffb2190000 - 0x00007fffb21cb000 	C:\WINDOWS\SYSTEM32\dbgcore.DLL
0x00007fffb4280000 - 0x00007fffb4328000 	C:\WINDOWS\System32\bcryptPrimitives.dll
0x00007fffab980000 - 0x00007fffab9a5000 	C:\Program Files\AnyLogic 8.9 Personal Learning Edition\jre\bin\java.dll
0x00007fffa44c0000 - 0x00007fffa4597000 	C:\Program Files\AnyLogic 8.9 Personal Learning Edition\jre\bin\jsvml.dll
0x00007fffb6060000 - 0x00007fffb67ce000 	C:\WINDOWS\System32\SHELL32.dll
0x00007fffb46a0000 - 0x00007fffb4f0c000 	C:\WINDOWS\System32\windows.storage.dll
0x00007fffb67e0000 - 0x00007fffb68d6000 	C:\WINDOWS\System32\SHCORE.dll
0x00007fffb5aa0000 - 0x00007fffb5b06000 	C:\WINDOWS\System32\shlwapi.dll
0x00007fffb4170000 - 0x00007fffb4199000 	C:\WINDOWS\SYSTEM32\profapi.dll
0x00007fffab930000 - 0x00007fffab949000 	C:\Program Files\AnyLogic 8.9 Personal Learning Edition\jre\bin\net.dll
0x00007fffad1b0000 - 0x00007fffad2d9000 	C:\WINDOWS\SYSTEM32\WINHTTP.dll
0x00007fffb3550000 - 0x00007fffb35bc000 	C:\WINDOWS\system32\mswsock.dll
0x00007fffab740000 - 0x00007fffab756000 	C:\Program Files\AnyLogic 8.9 Personal Learning Edition\jre\bin\nio.dll
0x00007fffab6f0000 - 0x00007fffab708000 	C:\Program Files\AnyLogic 8.9 Personal Learning Edition\jre\bin\zip.dll
0x00007fff8b670000 - 0x00007fff8b800000 	C:\Program Files\AnyLogic 8.9 Personal Learning Edition\jre\bin\awt.dll
0x00007fffb12b0000 - 0x00007fffb1350000 	C:\WINDOWS\SYSTEM32\apphelp.dll
0x00007fffaed90000 - 0x00007fffaeda0000 	C:\Program Files\AnyLogic 8.9 Personal Learning Edition\jre\bin\verify.dll
0x00007fffb2a40000 - 0x00007fffb2a72000 	C:\WINDOWS\SYSTEM32\IPHLPAPI.DLL
0x00007fffb68e0000 - 0x00007fffb68ea000 	C:\WINDOWS\System32\NSI.dll
0x00007fffad880000 - 0x00007fffad89d000 	C:\WINDOWS\SYSTEM32\dhcpcsvc6.DLL
0x00007fffacd00000 - 0x00007fffacd25000 	C:\WINDOWS\SYSTEM32\dhcpcsvc.DLL
0x00007fffb2ae0000 - 0x00007fffb2c12000 	C:\WINDOWS\SYSTEM32\DNSAPI.dll
0x00007fffacf80000 - 0x00007fffacf89000 	C:\Program Files\AnyLogic 8.9 Personal Learning Edition\jre\bin\management.dll
0x00007fffab970000 - 0x00007fffab97b000 	C:\Program Files\AnyLogic 8.9 Personal Learning Edition\jre\bin\management_ext.dll
0x00007fffb55a0000 - 0x00007fffb55a8000 	C:\WINDOWS\System32\PSAPI.DLL
0x00007fffab730000 - 0x00007fffab73e000 	C:\Program Files\AnyLogic 8.9 Personal Learning Edition\jre\bin\sunmscapi.dll
0x00007fffb43f0000 - 0x00007fffb4568000 	C:\WINDOWS\System32\CRYPT32.dll
0x00007fffb3a50000 - 0x00007fffb3a80000 	C:\WINDOWS\SYSTEM32\ncrypt.dll
0x00007fffb3a00000 - 0x00007fffb3a3f000 	C:\WINDOWS\SYSTEM32\NTASN1.dll
0x00007fff7bd90000 - 0x00007fff7bd98000 	C:\WINDOWS\system32\wshunix.dll
0x00007fffb3840000 - 0x00007fffb385b000 	C:\WINDOWS\SYSTEM32\CRYPTSP.dll
0x00007fffb2f40000 - 0x00007fffb2f79000 	C:\WINDOWS\system32\rsaenh.dll
0x00007fffb3600000 - 0x00007fffb3633000 	C:\WINDOWS\SYSTEM32\USERENV.dll
0x00007fffb4140000 - 0x00007fffb416a000 	C:\WINDOWS\SYSTEM32\bcrypt.dll
0x00007fffb3830000 - 0x00007fffb383c000 	C:\WINDOWS\SYSTEM32\CRYPTBASE.dll
0x00007fff971f0000 - 0x00007fff97208000 	C:\WINDOWS\system32\napinsp.dll
0x00007fff96ef0000 - 0x00007fff96f03000 	C:\WINDOWS\System32\winrnr.dll
0x00007fff96df0000 - 0x00007fff96e12000 	C:\WINDOWS\system32\nlansp_c.dll
0x00007fff96d70000 - 0x00007fff96d86000 	C:\WINDOWS\system32\wshbth.dll
0x00007fffa84a0000 - 0x00007fffa84ab000 	C:\Windows\System32\rasadhlp.dll
0x00007fffa8b80000 - 0x00007fffa8c06000 	C:\WINDOWS\System32\fwpuclnt.dll
0x00007fffb1680000 - 0x00007fffb172a000 	C:\WINDOWS\system32\uxtheme.dll
0x00007fffb5940000 - 0x00007fffb5a9c000 	C:\WINDOWS\System32\MSCTF.dll
0x00007fffb5ec0000 - 0x00007fffb6057000 	C:\WINDOWS\System32\ole32.dll
0x00007fffb1960000 - 0x00007fffb198f000 	C:\WINDOWS\system32\DWMAPI.DLL
0x00007fffa0910000 - 0x00007fffa0998000 	C:\Program Files\AnyLogic 8.9 Personal Learning Edition\jre\bin\freetype.dll
0x00007fff8e3e0000 - 0x00007fff8e4b3000 	C:\Program Files\AnyLogic 8.9 Personal Learning Edition\jre\bin\fontmanager.dll
0x00007fff5dcc0000 - 0x00007fff5ddcf000 	C:\WINDOWS\system32\opengl32.dll
0x00007fff5d900000 - 0x00007fff5d92d000 	C:\WINDOWS\SYSTEM32\GLU32.dll
0x00007fffb1780000 - 0x00007fffb17c5000 	C:\WINDOWS\SYSTEM32\dxcore.dll
0x00007fff5f740000 - 0x00007fff5f8f3000 	C:\WINDOWS\system32\d3d9.dll
0x00007fffabcc0000 - 0x00007fffabe7b000 	C:\WINDOWS\System32\DriverStore\FileRepository\u0404276.inf_amd64_b6ae906c9d4ab767\B403905\aticfx64.dll
0x00007fff0d7b0000 - 0x00007fff0d7e4000 	C:\WINDOWS\System32\DriverStore\FileRepository\u0404276.inf_amd64_b6ae906c9d4ab767\B403905\atiu9p64.dll
0x00007ffef11f0000 - 0x00007ffef1f37000 	C:\WINDOWS\System32\DriverStore\FileRepository\u0404276.inf_amd64_b6ae906c9d4ab767\B403905\atiumd64.dll
0x0000000063500000 - 0x0000000064413000 	C:\WINDOWS\System32\DriverStore\FileRepository\u0404276.inf_amd64_b6ae906c9d4ab767\B403905\atiumd6a.dll
0x00007fffb6f00000 - 0x00007fffb7387000 	C:\WINDOWS\System32\SETUPAPI.dll
0x00007fffa89d0000 - 0x00007fffa8a05000 	C:\WINDOWS\SYSTEM32\amdihk64.dll
0x00007fffadf10000 - 0x00007fffadf71000 	C:\WINDOWS\SYSTEM32\directxdatabasehelper.dll

dbghelp: loaded successfully - version: 4.0.5 - missing functions: none
symbol engine: initialized successfully - sym options: 0x614 - pdb path: .;C:\Program Files\AnyLogic 8.9 Personal Learning Edition\jre\bin;C:\WINDOWS\SYSTEM32;C:\WINDOWS\WinSxS\amd64_microsoft.windows.common-controls_6595b64144ccf1df_6.0.26100.8457_none_3e0b2faee331e92d;C:\Program Files\AnyLogic 8.9 Personal Learning Edition\jre\bin\server;C:\WINDOWS\System32\DriverStore\FileRepository\u0404276.inf_amd64_b6ae906c9d4ab767\B403905

VM Arguments:
jvm_args: -Xmx4096m -Xmx4096m -DlanguageId_xjal=en010b96v -DbuiltInTileCachePath_xjal=C:\Program Files\AnyLogic 8.9 Personal Learning Edition\plugins\com.anylogic.gis_8.9.9.202606170507\tiles -DflowchartCountersVisible_xjal=true -DflowchartPortStateAnimated_xjal=true -DenableWarnings_xjal=true -DenableObject3DLod_xjal=true -Denable2DVisibilityCheck_xjal=true -DstandaloneBrowserPath_xjal=C:/Program Files/AnyLogic 8.9 Personal Learning Edition/chromium/chromium-win64/chrome.exe -DstandaloneBrowserCommandArguments_xjal=--app=$1 --test-type -DanylogicIncomingPort_xjal=7880 -DbrowserUserDataPath_xjal=--user-data-dir=C:\Users\Lenovo\.AnyLogicPLE\Workspace8.8\chromium\userData -DuseProxy_xjal=false -Dfile.encoding=UTF-8 -XX:+ShowCodeDetailsInExceptionMessages 
java_command: com.anylogic.ms.MS colombodengueabm_v2.ParamVar_Weather 1c5ca8b
java_class_path (initial): C:\Users\Lenovo\.AnyLogicPLE\Workspace8.8\ColomboDengueABM_v2_BUILD\classes;C:\Program Files\AnyLogic 8.9 Personal Learning Edition\plugins\com.anylogic.libraries.modules_8.9.9.202606170507\lib\MarkupDescriptors\MarkupDescriptors.jar;C:\Program Files\AnyLogic 8.9 Personal Learning Edition\plugins\com.anylogic.process_modeling_library_8.9.9.202606170507\lib\ProcessModelingLibrary.jar;C:\Program Files\AnyLogic 8.9 Personal Learning Edition\plugins\com.anylogic.engine_8.9.9.202606170507\com.anylogic.engine.jar;C:\Program Files\AnyLogic 8.9 Personal Learning Edition\plugins\com.anylogic.engine.database_8.9.9.202606170507\com.anylogic.engine.database.jar;C:\Program Files\AnyLogic 8.9 Personal Learning Edition\plugins\com.anylogic.engine.datautil_8.9.9.202606170507\com.anylogic.engine.datautil.jar;C:\Program Files\AnyLogic 8.9 Personal Learning Edition\plugins\com.anylogic.engine.editorapi_8.9.9.202606170507\com.anylogic.engine.editorapi.jar;C:\Program Files\AnyLogic 8.9 Personal Learning Edition\plugins\com.anylogic.engine.gis_8.9.9.202606170507\com.anylogic.engine.gis.jar;C:\Program Files\AnyLogic 8.9 Personal Learning Edition\plugins\com.anylogic.engine.sa_8.9.9.202606170507\com.anylogic.engine.sa.jar;C:\Program Files\AnyLogic 8.9 Personal Learning Edition\plugins\com.anylogic.core8_8.9.9.202606170507\com.anylogic.ms.jar;C:\Program Files\AnyLogic 8.9 Personal Learning Edition\plugins\com.anylogic.engine.sa_8.9.9.202606170507\lib\sa\com.anylogic.engine.sa.web.jar;C:\Program Files\AnyLogic 8.9 Personal Learning Edition\plugins\com.anylogic.engine.sa_8.9.9.202606170507\lib\al-spark-core-2.9.4-with-jetty-9.4.57.jar;C:\Program Files\AnyLogic 8.9 Personal Learning Edition\plugins\com.anylogic.engine.sa_8.9.9.202606170507\lib\jackson-annotations-2.16.2.jar;C:\Program Files\AnyLogic 8.9 Personal Learning Edition\plugins\com.anylogic.engine.sa_8.9.9.202606170507\lib\jackson-core-2.16.2.jar;C:\Program Files\AnyLogic 8.9 Personal Learning Edition\plug
Launcher Type: SUN_STANDARD

[Global flags]
     intx CICompilerCount                          = 12                                        {product} {ergonomic}
     uint ConcGCThreads                            = 3                                         {product} {ergonomic}
     uint G1ConcRefinementThreads                  = 13                                        {product} {ergonomic}
   size_t G1HeapRegionSize                         = 2097152                                   {product} {ergonomic}
    uintx GCDrainStackTargetSize                   = 64                                        {product} {ergonomic}
   size_t InitialHeapSize                          = 98566144                                  {product} {ergonomic}
   size_t MarkStackSize                            = 4194304                                   {product} {ergonomic}
   size_t MaxHeapSize                              = 4294967296                                {product} {command line}
   size_t MaxNewSize                               = 2575302656                                {product} {ergonomic}
   size_t MinHeapDeltaBytes                        = 2097152                                   {product} {ergonomic}
   size_t MinHeapSize                              = 8388608                                   {product} {ergonomic}
    uintx NonNMethodCodeHeapSize                   = 7602480                                {pd product} {ergonomic}
    uintx NonProfiledCodeHeapSize                  = 122027880                              {pd product} {ergonomic}
    uintx ProfiledCodeHeapSize                     = 122027880                              {pd product} {ergonomic}
    uintx ReservedCodeCacheSize                    = 251658240                              {pd product} {ergonomic}
     bool SegmentedCodeCache                       = true                                      {product} {ergonomic}
     bool ShowCodeDetailsInExceptionMessages       = true                                   {manageable} {command line}
   size_t SoftMaxHeapSize                          = 4294967296                             {manageable} {ergonomic}
     bool UseCompressedClassPointers               = true                           {product lp64_product} {ergonomic}
     bool UseCompressedOops                        = true                           {product lp64_product} {ergonomic}
     bool UseG1GC                                  = true                                      {product} {ergonomic}
     bool UseLargePagesIndividualAllocation        = false                                  {pd product} {ergonomic}

Logging:
Log output configuration:
 #0: stdout all=warning uptime,level,tags
 #1: stderr all=off uptime,level,tags

Environment Variables:
PATH=C:/Program Files/AnyLogic 8.9 Personal Learning Edition/jre/bin/server;C:/Program Files/AnyLogic 8.9 Personal Learning Edition/jre/bin;C:\WINDOWS\system32;C:\WINDOWS;C:\WINDOWS\System32\Wbem;C:\WINDOWS\System32\WindowsPowerShell\v1.0\;C:\WINDOWS\System32\OpenSSH\;C:\Program Files\IBM\SPSS\Statistics\25\JRE\bin;C:\MinGW-4.8.1\bin;C:\Program Files\Graphviz\bin;C:\Program Files\dotnet\;C:\Program Files\nodejs\;C:\Program Files\Git\cmd;C:\Users\Lenovo\AppData\Local\Programs\Python\Python312\Scripts\;C:\Users\Lenovo\AppData\Local\Programs\Python\Python312\;C:\Users\Lenovo\AppData\Local\Microsoft\WindowsApps;C:\Users\Lenovo\AppData\Local\Programs\Microsoft VS Code\bin;C:\Program Files\Graphviz\bin;C:\Users\Lenovo\AppData\Roaming\npm;C:\Users\Lenovo\Models\ColomboDengueABM_v2;
USERNAME=Lenovo
OS=Windows_NT
PROCESSOR_IDENTIFIER=AMD64 Family 23 Model 104 Stepping 1, AuthenticAMD
TMP=C:\Users\Lenovo\AppData\Local\Temp
TEMP=C:\Users\Lenovo\AppData\Local\Temp



Periodic native trim disabled


---------------  S Y S T E M  ---------------

OS:
 Windows 11 , 64 bit Build 26100 (10.0.26100.8328)
OS uptime: 42 days 7:37 hours

CPU: total 16 (initial active 16) (16 cores per cpu, 2 threads per core) family 23 model 104 stepping 1 microcode 0x8608103, cx8, cmov, fxsr, ht, mmx, 3dnowpref, sse, sse2, sse3, ssse3, sse4a, sse4.1, sse4.2, popcnt, lzcnt, tsc, tscinvbit, avx, avx2, aes, clmul, bmi1, bmi2, adx, sha, fma, vzeroupper, clflush, clflushopt
Processor Information for all 16 processors :
  Max Mhz: 1801, Current Mhz: 1801, Mhz Limit: 1801

Memory: 4k page, system-wide physical 5989M (415M free)
TotalPageFile size 24421M (AvailPageFile size 561M)
current process WorkingSet (physical memory assigned to process): 408M, peak: 674M
current process commit charge ("private bytes"): 914M, peak: 1834M

vm_info: OpenJDK 64-Bit Server VM (17.0.9+9) for windows-amd64 JRE (17.0.9+9), built on Oct 26 2023 14:01:42 by "admin" with MS VC++ 16.10 / 16.11 (VS2019)

END.
